id,first_name,last_name,email,gender,bank
1,Dore,Pryer,dpryer0@ucoz.com,Female,"Sparkasse im Kreis Herford -Zweckverbandssparkasse des Kreises Herford und der Städte Bünde, Herford, Löhne und Vlotho-"
2,Steffie,Plaunch,splaunch1@photobucket.com,Female,Crédit foncier et communal d'Alsace et de Lorraine-Banque
3,Terrill,Gunderson,tgunderson2@biblegateway.com,Bigender,PROSPERITY BANK
4,Harp,Stearndale,hstearndale3@epa.gov,Genderqueer,FIRSTBANK
5,Onfre,Caustick,ocaustick4@bing.com,Male,CaixaBank Wealth Management Luxembourg S.A.
6,Mariya,Beckers,mbeckers5@youku.com,Female,FIRST NATIONAL BANK
7,Lance,Cranidge,lcranidge6@goodreads.com,Male,INTERNATIONAL BANK OF COMMERCE
8,Meryl,Mowsdell,mmowsdell7@yahoo.com,Male,FIDEURAM - INTESA SANPAOLO PRIVATE BANKING S.P.A.
9,Gussi,O'Dougherty,godougherty8@ning.com,Female,SIMMONS FIRST NATL BK
10,Mattie,Willoughley,mwilloughley9@imageshack.us,Female,BANCA DI CREDITO COOPERATIVO DI BUSTO GAROLFO E BUGUGGIATE -SOCIETA' COOPERATIVA
11,Pembroke,Petty,ppettya@homestead.com,Male,Volksbank Rhein-Ruhr eG
12,Keith,Kegan,kkeganb@gravatar.com,Male,GREAT SOUTHERN BANK
13,Mahalia,Windeatt,mwindeattc@indiatimes.com,Female,Volksbank Mittweida eG
14,Dieter,Bonanno,dbonannod@businessinsider.com,Male,Nordnet Bank AB
15,Feodor,Beed,fbeede@cdbaby.com,Male,MUFG UNION BANK
16,Jimmie,Boorne,jboornef@pagesperso-orange.fr,Male,FIRSTBANK
17,Pen,Vedntyev,pvedntyevg@vkontakte.ru,Female,ABN AMRO Bank N.V.
18,Amy,Harbertson,aharbertsonh@webs.com,Female,J&T banka d.d.
19,Karoly,Geane,kgeanei@unc.edu,Female,FIRST NATIONAL BANK
20,Dalia,Theobold,dtheoboldj@chronoengine.com,Female,CENTENNIAL BANK
21,Immanuel,Ellerman,iellermank@hatena.ne.jp,Male,US BANK
22,Ogdon,Borley,oborleyl@godaddy.com,Male,"CAIXA DE CRÉDITO AGRÍCOLA MÚTUO DE TORRES VEDRAS, C.R.L"
23,Daven,Relton,dreltonm@latimes.com,Polygender,FIFTH THIRD BANK
24,Pail,Trevascus,ptrevascusn@yolasite.com,Male,HUNTINGTON NATIONAL BANK
25,Manya,Gamble,mgambleo@epa.gov,Female,Crédit Agricole S.A.
26,Bearnard,Swane,bswanep@oaic.gov.au,Male,Crédit Agricole S.A.
27,Sharyl,Maffi,smaffiq@ameblo.jp,Female,FIRST BANK
28,Gabriela,Grgic,ggrgicr@nba.com,Female,BANCA PROGETTO S.P.A.
29,Myrtle,Honnan,mhonnans@liveinternet.ru,Female,CAPITAL BANK CORPORATION
30,Britni,Bindin,bbindint@hibu.com,Genderqueer,Sparkasse Gera-Greiz
31,Gwendolin,Earley,gearleyu@mozilla.com,Female,Coop Pank AS
32,Arden,Lawranson,alawransonv@naver.com,Female,PNC BANK INC. - BALTIMORE
33,Dulcia,Denidge,ddenidgew@sina.com.cn,Female,Volksbank Stuttgart eG
34,Garreth,Szach,gszachx@youtube.com,Male,"LGT Bank AG, Zweigniederlassung Österreich"
35,Peirce,Beebee,pbeebeey@theglobeandmail.com,Male,Wüstenrot Bausparkasse Aktiengesellschaft
36,Gussi,MacMenemy,gmacmenemyz@4shared.com,Female,FIRST NATIONAL BANK
37,Maje,Glanville,mglanville10@zimbio.com,Male,FIRST BANK & TRUST
38,Aluin,Osan,aosan11@e-recht24.de,Male,UNITED BANK
39,Emelyne,Danjoie,edanjoie12@loc.gov,Female,Ikano Bank AB (publ)
40,Glad,Elwell,gelwell13@earthlink.net,Female,"MIRALTA FINANCE BANK, S.A."
41,Larry,Dulwitch,ldulwitch14@canalblog.com,Agender,BANK OF AMERICA
42,Newton,Rowan,nrowan15@sohu.com,Male,Waldviertler Sparkasse Bank AG
43,Jonis,McCafferty,jmccafferty16@businessinsider.com,Female,BANK OF AMERICA
44,Finn,Kiely,fkiely17@cisco.com,Bigender,Bank Vontobel Europe AG
45,Babette,Bonwick,bbonwick18@unblog.fr,Female,BANKPLUS
46,Prudi,Grisley,pgrisley19@hexun.com,Female,LOLLANDS BANK A/S
47,Dre,Swalwel,dswalwel1a@cpanel.net,Female,TF Bank AB
48,Frank,Conrad,fconrad1b@spiegel.de,Male,BANCO BPM SOCIETA' PER AZIONI
49,Linnet,Farden,lfarden1c@furl.net,Female,FIRST NATIONAL BANK
50,Hilde,Bridgwood,hbridgwood1d@51.la,Female,Raiffeisenbank Lorup eG
51,Trista,Kernocke,tkernocke1e@ftc.gov,Female,Sparda-Bank West eG
52,Stu,Frostdyke,sfrostdyke1f@discovery.com,Male,COMMERCE BANK
53,Mitchael,Eby,meby1g@eventbrite.com,Male,AXA Home Loan SFH
54,Gabriellia,Cassel,gcassel1h@e-recht24.de,Female,Volksbank Überherrn e.G.
55,Hakeem,Colleran,hcolleran1i@merriam-webster.com,Male,CAPITAL BANK
56,Libbie,Dubock,ldubock1j@jigsy.com,Female,FIRST MIDWEST BANK
57,Pren,Fellenor,pfellenor1k@imdb.com,Male,SANTANDER BANK
58,Aveline,Hasel,ahasel1l@posterous.com,Female,"Banque de Commerce et de Placements S.A., succursale de Luxembourg"
59,Kurtis,Aslam,kaslam1m@apple.com,Genderqueer,FIRST FIDELITY BANK
60,Rheta,Sappell,rsappell1n@mozilla.org,Bigender,BANCO BPM SOCIETA' PER AZIONI
61,Turner,Mainz,tmainz1o@timesonline.co.uk,Male,BANK OF HOPE
62,Violetta,Harriskine,vharriskine1p@sogou.com,Female,FIRST NATIONAL BANK
63,Jenn,Bolingbroke,jbolingbroke1q@unc.edu,Female,BUSEY BANK
64,Constantine,de Amaya,cdeamaya1r@geocities.jp,Bigender,Raiffeisenbank Kuchl-St. Koloman eGen
65,Marc,Minot,mminot1s@archive.org,Male,Magyar Cofidis Bank Zártkörűen Működő Részvénytársaság
66,Klemens,Dik,kdik1t@elegantthemes.com,Male,BANCA CREDIFARMA S.P.A.
67,Gaspar,Alchin,galchin1u@is.gd,Male,PENTAGON FEDERAL CREDIT UNION
68,Read,Overthrow,roverthrow1v@unc.edu,Male,Sparda-Bank Hessen eG
69,Phyllis,Joyce,pjoyce1w@ifeng.com,Female,Volksbank Chemnitz eG
70,Renado,Harry,rharry1x@earthlink.net,Male,Edmond de Rothschild (Europe)
71,Timmie,Rockhill,trockhill1y@wordpress.com,Female,RENASANT BANK
72,Peg,Chartres,pchartres1z@china.com.cn,Female,Raiffeisenbank Butjadingen-Abbehausen eG
73,Modesta,Germann,mgermann20@examiner.com,Female,Lloyds Bank GmbH
74,Laney,Yannikov,lyannikov21@baidu.com,Female,FIRST NATIONAL BANK
75,Hildagarde,Etherton,hetherton22@engadget.com,Female,FIRST NATIONAL BANK OF OMAHA
76,Leigh,Tudor,ltudor23@mlb.com,Female,BANCO BPM SOCIETA' PER AZIONI
77,Tann,Powder,tpowder24@ft.com,Male,WELLS FARGO BANK
78,Tyrus,Renbold,trenbold25@ezinearticles.com,Male,UNITED COMMUNITY BANK
79,Becky,Harragin,bharragin26@unesco.org,Female,ABN AMRO Bank N.V.
80,Warde,Sanbrooke,wsanbrooke27@engadget.com,Male,Raiffeisenbank Wittelsbacher Land eG
81,Hamid,Kernocke,hkernocke28@qq.com,Male,Crédit Agricole S.A.
82,Leonid,Sinnott,lsinnott29@etsy.com,Male,Société générale pour le développement des opérations de crédit-bail immobilier- Sogebail
83,Cam,Twitching,ctwitching2a@cmu.edu,Male,GLACIER BANK
84,Caron,Adderley,cadderley2b@typepad.com,Female,VALLEY NATIONAL BANK
85,Thorn,Russilll,trussilll2c@1und1.de,Male,Centrale Kredietverlening
86,Chrissie,Grinley,cgrinley2d@dailymail.co.uk,Male,TARTU HOIU-LAENUÜHISTU
87,Clement,Pester,cpester2e@dell.com,Male,Sparkasse Heidelberg
88,Abramo,Zahor,azahor2f@weibo.com,Male,Santander Consumer Bank Aktiengesellschaft
89,Selle,Seery,sseery2g@people.com.cn,Female,GREAT LAKES CREDIT UNION
90,Basil,Itzkovwitch,bitzkovwitch2h@businessinsider.com,Male,LIBERTY BANK
91,Boot,Bottomley,bbottomley2i@4shared.com,Polygender,FIRST SECURITY BANK
92,Bryant,Perford,bperford2j@istockphoto.com,Non-binary,CASSA RAIFFEISEN DELLA VALLE ISARCO SOCIETA' COOPERATIVA ( IN LINGUA TEDESCA RAIFFEISENKASSE EISACKTAL GENOSSENSCHAFT)
93,Maurise,Rumens,mrumens2k@bluehost.com,Female,GLACIER BANK
94,Porty,Godbald,pgodbald2l@php.net,Male,St. Brigid's Credit Union Limited
95,Orelle,Cocozza,ococozza2m@quantcast.com,Female,DEŽELNA BANKA SLOVENIJE D.D.
96,Lawry,Godwyn,lgodwyn2n@cbc.ca,Male,DEUTSCHE BANK S.P.A.
97,Meridel,Golsworthy,mgolsworthy2o@cocolog-nifty.com,Female,SECURITY STATE BANK
98,Amble,Desorts,adesorts2p@newsvine.com,Bigender,FIRST FINANCIAL BANK
99,Reggy,Seddon,rseddon2q@blinklist.com,Male,BANCO BPM SOCIETA' PER AZIONI
100,Bertha,Fanshaw,bfanshaw2r@github.io,Female,CAMDEN NATIONAL BANK
101,Dee dee,Lethabridge,dlethabridge2s@nba.com,Female,CORNERSTONE BANK
102,Randa,Benian,rbenian2t@sina.com.cn,Female,BANCO BPM SOCIETA' PER AZIONI
103,Sholom,Strettell,sstrettell2u@addtoany.com,Male,JPMORGAN CHASE
104,Korie,Reoch,kreoch2v@cdc.gov,Female,Kreissparkasse Mayen
105,Dorena,Girdlestone,dgirdlestone2w@booking.com,Agender,Caisse de crédit municipal de Strasbourg
106,Lucina,Nannetti,lnannetti2x@plala.or.jp,Female,BANCO BPM SOCIETA' PER AZIONI
107,Orsola,Garment,ogarment2y@timesonline.co.uk,Female,PACIFIC WESTERN BANK
108,Francisco,Catford,fcatford2z@google.es,Male,BANK OF AMERICA
109,Anetta,Jeanequin,ajeanequin30@kickstarter.com,Female,FIRST NATIONAL BANK
110,Waneta,Pavlishchev,wpavlishchev31@huffingtonpost.com,Female,CITIZENS BANK
111,Lainey,Flowerden,lflowerden32@yelp.com,Non-binary,BANCO BPM SOCIETA' PER AZIONI
112,Delaney,Peffer,dpeffer33@house.gov,Non-binary,FIRST FINANCIAL BANK
113,Angele,Lukianovich,alukianovich34@sina.com.cn,Female,FIRST BANK & TRUST
114,Cornell,Gamlen,cgamlen35@latimes.com,Male,HUNTINGTON NATIONAL BANK
115,Carola,Massot,cmassot36@newyorker.com,Female,COLUMBIA STATE BANK
116,Desiree,McOnie,dmconie37@t.co,Female,Raiffeisenbank Kirtorf eG
117,Blane,Iacomo,biacomo38@cyberchimps.com,Male,BANCO BPM SOCIETA' PER AZIONI
118,Griselda,Rutherforth,grutherforth39@constantcontact.com,Female,Sparkasse Neuhofen Bank Aktiengesellschaft
119,Elwood,Buxey,ebuxey3a@dell.com,Male,FIFTH THIRD BANK
120,Raeann,Stuchburie,rstuchburie3b@edublogs.org,Non-binary,M B FINANCIAL BANK
121,Philippe,Lortz,plortz3c@cbslocal.com,Genderqueer,Citco Bank Nederland N.V.
122,Corene,Brodhead,cbrodhead3d@ed.gov,Bigender,CITIZENS NATIONAL BANK
123,Melony,Jennaway,mjennaway3e@yahoo.co.jp,Female,Member First Credit Union Limited
124,Kristyn,Paterno,kpaterno3f@time.com,Female,GREAT WESTERN BANK
125,Adriane,Stobbe,astobbe3g@w3.org,Female,BANK OF NEW YORK MELLON
126,Catherin,Pidwell,cpidwell3h@engadget.com,Female,HERITAGE BANK
127,Dulcia,Plessing,dplessing3i@cdc.gov,Female,UMPQUA BANK
128,Devinne,Jarrette,djarrette3j@va.gov,Female,CENTENNIAL BANK
129,Gloriane,MacCrosson,gmaccrosson3k@bravesites.com,Female,GREAT SOUTHERN BANK
130,Estele,Cicchillo,ecicchillo3l@alibaba.com,Female,PNC BANK
131,Opaline,Coltan,ocoltan3m@gov.uk,Female,PNC BANK
132,Addia,Meindl,ameindl3n@newsvine.com,Agender,Sparkasse Neu-Ulm-Illertissen
133,Frances,Brunini,fbrunini3o@artisteer.com,Female,Caisse des dépôts et consignations - section générale
134,Maybelle,Howlings,mhowlings3p@squidoo.com,Female,"CENTROMARCA BANCA - CREDITO COOPERATIVO DI TREVISO E VENEZIA, SOCIETA' COOPERATIVA PER AZIONI"
135,Alasdair,Bayston,abayston3q@addthis.com,Male,CITY NATIONAL BANK
136,Larry,Madge,lmadge3r@skype.com,Male,UNION STATE BANK
137,Launce,Stubbings,lstubbings3s@jalbum.net,Male,FIRST NATIONAL BANK OF PENNSYLVANIA
138,Scotti,Sparhawk,ssparhawk3t@ehow.com,Male,Volksbank Schwarzwald-Donau-Neckar eG
139,Wye,Costerd,wcosterd3u@i2i.jp,Male,Raiffeisenbank Gastein eGen
140,Johnnie,Moulin,jmoulin3v@trellian.com,Male,AKBANK AG
141,Burk,Currie,bcurrie3w@sciencedaily.com,Male,INTERNATIONAL BANK OF COMMERCE
142,Mathe,Dettmar,mdettmar3x@pagesperso-orange.fr,Male,BANNER BANK
143,Stefa,Bodham,sbodham3y@qq.com,Female,TRUSTMARK NATIONAL BANK
144,Boot,Leabeater,bleabeater3z@timesonline.co.uk,Male,TD BANK
145,Newton,Ventam,nventam40@nytimes.com,Male,Raiffeisenbank Region Radkersburg eGen
146,Ollie,Romi,oromi41@fda.gov,Male,CENTENNIAL BANK
147,Martica,Lowle,mlowle42@printfriendly.com,Female,BANK OF AMERICA
148,Elsy,Peres,eperes43@stanford.edu,Female,BANQUE RICHELIEU FRANCE
149,Joshuah,Billison,jbillison44@weather.com,Male,Raiffeisenbank Mittenwald eG
150,Imelda,Melladew,imelladew45@nationalgeographic.com,Female,CENTENNIAL BANK
151,Olenolin,Djuricic,odjuricic46@wikia.com,Male,WELLS FARGO BANK
152,Gard,Bestiman,gbestiman47@e-recht24.de,Genderfluid,BANK OF NEW YORK MELLON
153,Hilly,Buggs,hbuggs48@theglobeandmail.com,Male,UNITED BANK
154,Hobey,Fosken,hfosken49@slashdot.org,Male,COMMUNITY BANK
155,Lek,Skurm,lskurm4a@bbb.org,Non-binary,SNAPPI ANONYMI ETAIREIA
156,Ashly,Barthelme,abarthelme4b@mysql.com,Female,Raiffeisenbank Linz-Land West eGen
157,Ray,Gandy,rgandy4c@hubpages.com,Male,BANKPLUS
158,Timothy,Mattusevich,tmattusevich4d@homestead.com,Non-binary,BANCO BPM SOCIETA' PER AZIONI
159,Kelcey,Hudleston,khudleston4e@nhs.uk,Genderqueer,Volksbank Brenztal eG
160,Lorry,Pieper,lpieper4f@livejournal.com,Male,Raiffeisenbank Region Baden eGen
161,Virge,Daborn,vdaborn4g@posterous.com,Male,CAPITAL ONE
162,Phip,MacIlhargy,pmacilhargy4h@va.gov,Male,COMMUNITY BANK
163,Amye,Clardge,aclardge4i@edublogs.org,Female,FIRST BANK & TRUST
164,Ekaterina,Conkey,econkey4j@cnbc.com,Genderfluid,BELFIUS BANK
165,Arabelle,Doy,adoy4k@tinyurl.com,Female,FIRST STATE BANK
166,Doralia,Berzon,dberzon4l@baidu.com,Female,RENASANT BANK
167,Janis,Rosingdall,jrosingdall4m@delicious.com,Female,PROSPERITY BANK
168,Cordy,Mynott,cmynott4n@com.com,Male,Gas and Water Credit Union Limited
169,Maura,Inns,minns4o@answers.com,Female,UBS Europe SE
170,Caddric,Durston,cdurston4p@dropbox.com,Male,Raiffeisenbank Burgenland Mitte eGen
171,Camille,Dannehl,cdannehl4q@i2i.jp,Female,Sparkasse Altmark West
172,Jamie,Wollrauch,jwollrauch4r@w3.org,Female,Triodos Bank N.V.
173,Graehme,Bagshawe,gbagshawe4s@mozilla.org,Male,Raiffeisenbank Turnau-St. Lorenzen eGen
174,Pietrek,Decourcy,pdecourcy4t@about.com,Male,TARGOBANK AG
175,Don,Gommowe,dgommowe4u@discovery.com,Male,"Caixa Rural La Vall 'San Isidro', Sociedad Cooperativa de Crédito Valenciana"
176,West,Brownlie,wbrownlie4v@purevolume.com,Male,FIRST NATIONAL BANK
177,Marc,Cuningham,mcuningham4w@nyu.edu,Male,FIRST NATIONAL BANK
178,Paddy,Gorusso,pgorusso4x@dropbox.com,Male,GREAT LAKES CREDIT UNION
179,Elysha,Hauger,ehauger4y@alibaba.com,Female,PINNACLE BANK
180,Lenci,De Rye Barrett,lderyebarrett4z@multiply.com,Male,PROSPERITY BANK
181,Rabbi,Gisbourn,rgisbourn50@ow.ly,Male,CAPITAL ONE
182,Marshall,Bellhanger,mbellhanger51@apple.com,Non-binary,INTERNATIONAL BANK OF COMMERCE
183,Mitchell,Tuxell,mtuxell52@surveymonkey.com,Male,PROSPERITY BANK
184,Cyrille,Leeman,cleeman53@biblegateway.com,Male,Bank Spółdzielczy w Kadzidle
185,Martita,MacNucator,mmacnucator54@sitemeter.com,Female,FIRST FIDELITY BANK
186,Emelen,Tithecote,etithecote55@state.tx.us,Male,CITIZENS BUSINESS BANK
187,Bartie,Firks,bfirks56@com.com,Male,Raiffeisenbank Eberndorf registrierte Genossenschaft mit beschränkter Haftung
188,Davie,Truckell,dtruckell57@xrea.com,Male,Caisse des dépôts et consignations - section générale
189,Nikolai,Rivard,nrivard58@xrea.com,Male,BANCO BPM SOCIETA' PER AZIONI
190,Ken,Ovenell,kovenell59@yale.edu,Genderqueer,VILNIAUS KREDITO UNIJA
191,Baxy,Gilffilland,bgilffilland5a@icio.us,Polygender,Spar- und Kreditbank Bühlertal eG
192,Siouxie,Playle,splayle5b@businessweek.com,Female,CAPITAL BANK CORPORATION
193,Blanca,Hindrick,bhindrick5c@dmoz.org,Female,Manorhamilton and District Credit Union Limited
194,Marlee,Skull,mskull5d@google.fr,Female,Banque fédérative du crédit mutuel
195,Salomone,Clemenzo,sclemenzo5e@ow.ly,Male,FIRST NATIONAL BANK
196,Rory,Frushard,rfrushard5f@google.com.au,Non-binary,Oberbank AG
197,Rudolfo,Geere,rgeere5g@deviantart.com,Male,IBERIABANK
198,Tallou,Mathieson,tmathieson5h@multiply.com,Female,FIRST NATIONAL BANK OF OMAHA
199,Cookie,Trevallion,ctrevallion5i@tinypic.com,Female,AMERIS BANK
200,Beth,Arrow,barrow5j@seesaa.net,Female,PROSPERITY BANK
201,Dante,Squibe,dsquibe5k@prnewswire.com,Male,BMO HARRIS BANK
202,Braden,Flaverty,bflaverty5l@exblog.jp,Genderfluid,Carlow District Credit Union Limited
203,Fanny,Golagley,fgolagley5m@opera.com,Female,BUSEY BANK
204,Noel,Board,nboard5n@fotki.com,Female,UNITED COMMUNITY BANK
205,Tracey,Swindon,tswindon5o@joomla.org,Male,Raiffeisenbank Region Schwanenstadt eGen
206,Freemon,Roomes,froomes5p@merriam-webster.com,Male,JPMORGAN CHASE
207,Cory,Braisher,cbraisher5q@creativecommons.org,Male,BANK OF AMERICA
208,Veriee,Yukhov,vyukhov5r@google.cn,Female,BANCO BPM SOCIETA' PER AZIONI
209,Roley,Innott,rinnott5s@istockphoto.com,Male,FEDERAL RESERVE BANK
210,Ardith,Batham,abatham5t@msu.edu,Female,CAPITAL ONE
211,Barbaraanne,Hawarden,bhawarden5u@ehow.com,Female,CITIZENS STATE BANK
212,Garry,Vescovini,gvescovini5v@independent.co.uk,Male,KBC Bank
213,Murdock,MacKim,mmackim5w@wp.com,Male,FARMERS & MERCHANTS BANK
214,Irv,Stieger,istieger5x@house.gov,Male,JPMORGAN CHASE
215,Angela,Craddy,acraddy5y@friendfeed.com,Female,DELEN PRIVATE BANK
216,Cecilius,Rushforth,crushforth5z@psu.edu,Genderfluid,PROSPERITY BANK
217,Mohandis,Casaroli,mcasaroli60@disqus.com,Male,Raiffeisenbank Nockberge eGen
218,Doro,Hannant,dhannant61@hubpages.com,Female,CITIZENS STATE BANK
219,Blaire,McGuirk,bmcguirk62@wikimedia.org,Female,MBH Befektetési Bank Zártkörűen Működő Részvénytársaság
220,Caterina,Waszczykowski,cwaszczykowski63@reverbnation.com,Female,permanent tsb plc.
221,Doralynne,Chinnock,dchinnock64@marketwatch.com,Female,ING Bank N.V.
222,Manfred,Grafom,mgrafom65@sciencedaily.com,Male,"Caixabank, S.A."
223,Hilarius,Landsberg,hlandsberg66@hubpages.com,Male,FARMERS STATE BANK
224,Leif,Blagbrough,lblagbrough67@ca.gov,Male,COLUMBIA STATE BANK
225,Arther,Tollemache,atollemache68@g.co,Male,FIRST STATE BANK
226,Hebert,Izkoveski,hizkoveski69@stanford.edu,Male,ING Bank N.V.
227,Kristal,Poznan,kpoznan6a@yale.edu,Female,RENASANT BANK
228,Janessa,Flaxman,jflaxman6b@elegantthemes.com,Female,GLACIER BANK
229,Shaun,Adelman,sadelman6c@google.ru,Female,OTP banka d.d.
230,Reinald,Kittel,rkittel6d@goo.gl,Male,FIRST COMMUNITY BANK
231,Cesar,Sacase,csacase6e@abc.net.au,Male,VR Bank eG Heuberg-Winterlingen
232,Ned,Dugood,ndugood6f@tiny.cc,Male,Sparkasse Spree-Neiße
233,Donall,Middas,dmiddas6g@vistaprint.com,Male,KEYBANK
234,Chase,Broscombe,cbroscombe6h@webeden.co.uk,Male,S-Pankki Oyj
235,Kalila,Clancey,kclancey6i@ed.gov,Female,Caisse régionale de crédit agricole mutuel Alsace Vosges
236,Ray,Mostin,rmostin6j@studiopress.com,Polygender,Kreissparkasse Herzogtum Lauenburg
237,Jarid,Clogg,jclogg6k@google.es,Male,CITIZENS BUSINESS BANK
238,Dehlia,Dameisele,ddameisele6l@yale.edu,Genderqueer,CATHAY BANK
239,Annette,Parkins,aparkins6m@ezinearticles.com,Bigender,Vereinigte Volksbank eG
240,Lorette,Bruce,lbruce6n@liveinternet.ru,Female,"CACEIS Bank Spain, S.A."
241,Worthington,Kording,wkording6o@bbc.co.uk,Male,FARMERS STATE BANK
242,Allsun,Cashen,acashen6p@google.com.au,Female,FIRST NATIONAL BANK
243,Margarette,Furse,mfurse6q@parallels.com,Female,BANCO BPM SOCIETA' PER AZIONI
244,Marmaduke,Cyson,mcyson6r@nature.com,Male,BNP Paribas
245,Kerrie,Cicchelli,kcicchelli6s@intel.com,Female,SELF-HELP CREDIT UNION
246,Woody,Hakeworth,whakeworth6t@unc.edu,Male,Volksbank Oberösterreich AG
247,Kirsteni,Biggadyke,kbiggadyke6u@eepurl.com,Bigender,WESBANCO BANK INC
248,Stavros,Haslehurst,shaslehurst6v@mac.com,Male,PNC BANK
249,Elmore,Potteridge,epotteridge6w@diigo.com,Polygender,"Abanca Corporacion Bancaria, S.A."
250,Cletis,Bartul,cbartul6x@cocolog-nifty.com,Male,CITIZENS BANK
251,Sofie,Hardcastle,shardcastle6y@blogtalkradio.com,Female,Sparkasse der Stadt Iserlohn
252,Kaycee,Marshall,kmarshall6z@europa.eu,Non-binary,BANK OF AMERICA
253,Joshua,Sharnock,jsharnock70@spotify.com,Male,COMMUNITY FIRST BANK
254,Alvy,Malcolmson,amalcolmson71@nifty.com,Male,PROSPERITY BANK
255,Raf,Stebles,rstebles72@prnewswire.com,Female,BANCA NAZIONALE DEL LAVORO S.P.A. (IN FORMA CONTRATTA BNL S.P.A.)
256,Kaitlyn,Dicty,kdicty73@blogger.com,Female,CAPITAL BANK
257,Irwin,Lack,ilack74@ucsd.edu,Male,VALLEY NATIONAL BANK
258,Ives,Guiet,iguiet75@unblog.fr,Male,Raiffeisenbank Griesstätt - Halfing eG
259,Graeme,Spowage,gspowage76@fotki.com,Male,Kredito unija Zanavykų bankelis
260,Barnebas,Caurah,bcaurah77@sakura.ne.jp,Male,BANCO BPM SOCIETA' PER AZIONI
261,Carlos,McNerlin,cmcnerlin78@privacy.gov.au,Non-binary,WELLS FARGO BANK
262,Rickie,Clausen,rclausen79@flickr.com,Male,INTERBANK
263,Marys,Alexandrou,malexandrou7a@dot.gov,Female,PEOPLES BANK
264,Lorin,Soda,lsoda7b@multiply.com,Male,CENTRAL BANK
265,Twyla,Caulwell,tcaulwell7c@phoca.cz,Female,BUSEY BANK
266,Georgina,Fleetwood,gfleetwood7d@ocn.ne.jp,Female,CITIZENS BUSINESS BANK
267,Isidoro,Irlam,iirlam7e@dedecms.com,Male,Sparkasse Uelzen/Lüchow-Dannenberg
268,Justinn,Dekeyser,jdekeyser7f@craigslist.org,Female,FARMERS BANK
269,Eba,Mousdall,emousdall7g@sun.com,Female,Raiffeisenbank Aresing-Gerolsbach eG
270,Benton,Whiteoak,bwhiteoak7h@surveymonkey.com,Male,Caisse régionale de crédit agricole mutuel des Côtes-d'Armor
271,Urbanus,Ibeson,uibeson7i@usgs.gov,Male,BMO HARRIS BANK
272,Damon,Baynton,dbaynton7j@nyu.edu,Male,SANTANDER BANK
273,Tanya,MacCole,tmaccole7k@smh.com.au,Female,BANK OF AMERICA
274,Killy,Steed,ksteed7l@ed.gov,Male,HSBC BANK
275,Hew,Padillo,hpadillo7m@tmall.com,Male,SOUTH STATE BANK
276,Kippy,Dell Casa,kdellcasa7n@wikia.com,Female,BANCORPSOUTH
277,Diannne,Imlaw,dimlaw7o@sakura.ne.jp,Genderqueer,FIRSTBANK
278,Ruttger,Kegg,rkegg7p@delicious.com,Male,BMO HARRIS BANK
279,Denney,Petett,dpetett7q@symantec.com,Male,Bank Spółdzielczy w Warce
280,Ingelbert,Jirek,ijirek7r@edublogs.org,Male,BANCO BPM SOCIETA' PER AZIONI
281,Jory,Tidbald,jtidbald7s@cafepress.com,Genderqueer,Raiffeisenbank Sinzing eG
282,Graeme,Diddams,gdiddams7t@usnews.com,Polygender,BANK OF NEW YORK MELLON
283,Sloane,Passby,spassby7u@vistaprint.com,Male,Sparkasse Gummersbach
284,Cristobal,Growden,cgrowden7v@oakley.com,Male,ING Bank N.V.
285,Jenelle,Gooder,jgooder7w@vkontakte.ru,Female,Sparkasse Hameln-Weserbergland
286,Lucretia,Hornung,lhornung7x@microsoft.com,Female,FIRST BANK
287,Edsel,Dankov,edankov7y@miibeian.gov.cn,Male,RBS International Depositary Services S.A
288,Vince,Tofts,vtofts7z@umn.edu,Male,BANK OF NORTH CAROLINA
289,Brunhilde,Allen,ballen80@booking.com,Female,SECURITY STATE BANK
290,Catlee,Gammon,cgammon81@bloomberg.com,Female,Union de banques arabes et françaises - U.B.A.F.
291,Marlo,Clere,mclere82@google.com,Male,FINANCIAL PARTNERS CREDIT UNION
292,Yolanda,Demonge,ydemonge83@rakuten.co.jp,Female,Volksbank Mönchengladbach eG
293,Benjamen,McCorkindale,bmccorkindale84@nps.gov,Male,BANKPLUS
294,Jaimie,Ranby,jranby85@imgur.com,Female,Intesa Sanpaolo Wealth Management
295,Shandeigh,Krelle,skrelle86@webeden.co.uk,Female,BANCO BPM SOCIETA' PER AZIONI
296,Celesta,Jenk,cjenk87@ca.gov,Female,EXPRESS BANK SPÓŁDZIELCZY
297,Lavinie,Laskey,llaskey88@microsoft.com,Female,Landesbank Saar
298,Amalee,Janiszewski,ajaniszewski89@seattletimes.com,Female,Toyota Bank Polska S.A.
299,Obed,Wemm,owemm8a@163.com,Male,UNITED BANK
300,Nicolas,Fairburn,nfairburn8b@quantcast.com,Male,Stadtsparkasse Cuxhaven
301,Hermine,Pointon,hpointon8c@free.fr,Female,HSBC BANK
302,Pooh,Duckhouse,pduckhouse8d@123-reg.co.uk,Male,Skandinaviska Enskilda Banken AB
303,Brenn,Waleran,bwaleran8e@dmoz.org,Female,SECURITY STATE BANK
304,Kerrin,Lowre,klowre8f@pbs.org,Female,CENTRAL BANK
305,Margaretta,Kingsnoad,mkingsnoad8g@free.fr,Female,FARMERS & MERCHANTS BANK
306,Gearalt,Bastie,gbastie8h@homestead.com,Male,"Caja Rural de Nueva Carteya,  Sociedad Cooperativa Andaluza de Crédito"
307,Cherri,Struis,cstruis8i@google.ru,Female,FIRST FINANCIAL BANK
308,Gearalt,Gleasane,ggleasane8j@columbia.edu,Male,BNP Paribas
309,Dareen,Ouver,douver8k@multiply.com,Female,CAPITAL BANK
310,Sandi,Brotherheed,sbrotherheed8l@cornell.edu,Female,CITIZENS BANK
311,Ansell,Malster,amalster8m@parallels.com,Male,Kreissparkasse St. Wendel
312,Stevana,Clubley,sclubley8n@google.pl,Female,Raiffeisenbank Weinviertel Nordost eGen
313,Jeanelle,Morgen,jmorgen8o@google.it,Female,Raiffeisenbank Region Rohrbach eGen
314,Manuel,O'Cahsedy,mocahsedy8p@163.com,Male,FIRST BANK
315,Averill,Sowter,asowter8q@columbia.edu,Male,IBERIABANK
316,Cletis,Lafay,clafay8r@nationalgeographic.com,Male,PACIFIC WESTERN BANK
317,Rozella,Creany,rcreany8s@samsung.com,Polygender,Cooley Credit Union Limited
318,Jacquie,Jocelyn,jjocelyn8t@census.gov,Female,Raiffeisenbank Region Liezen eGen
319,Olly,Edgecumbe,oedgecumbe8u@hao123.com,Female,LIBERTY BANK
320,Gottfried,Lindenstrauss,glindenstrauss8v@abc.net.au,Male,"SID-SLOVENSKA IZVOZNA IN RAZVOJNA BANKA, d.d., LJUBLJANA"
321,Clint,Spykings,cspykings8w@noaa.gov,Male,FIRST BANK
322,Rubetta,Yaxley,ryaxley8x@google.com,Female,M & T BANK
323,Merrilee,Layus,mlayus8y@ft.com,Female,Volksbank Langendernbach eG
324,Robinia,Belcham,rbelcham8z@cyberchimps.com,Female,CITIBANK
325,Roldan,Brownbridge,rbrownbridge90@house.gov,Male,PNC BANK
326,Tessa,Cancelier,tcancelier91@barnesandnoble.com,Female,BRANCH BANKING & TRUST COMPANY
327,Lefty,Luscombe,lluscombe92@slate.com,Male,PENTAGON FEDERAL CREDIT UNION
328,Clemente,Basley,cbasley93@tinyurl.com,Male,Banque Raiffeisen
329,Von,Retallick,vretallick94@sbwire.com,Male,Kieler Volksbank eG
330,Merla,Feria,mferia95@istockphoto.com,Female,CENTENNIAL BANK
331,Michael,Ville,mville96@skyrock.com,Male,BANK OF AMERICA
332,Shelia,Bolderson,sbolderson97@devhub.com,Agender,akf bank GmbH & Co KG
333,Gwendolin,Lamps,glamps98@elpais.com,Female,PNC BANK
334,Carmelina,Aylmore,caylmore99@usda.gov,Female,BANCA NAZIONALE DEL LAVORO S.P.A. (IN FORMA CONTRATTA BNL S.P.A.)
335,Klaus,Livzey,klivzey9a@elegantthemes.com,Male,BMO HARRIS BANK
336,Vasilis,Bwye,vbwye9b@dagondesign.com,Male,Sparkasse Altenburger Land
337,Raine,Kerin,rkerin9c@mapy.cz,Female,BMO HARRIS BANK
338,Lanie,Burgise,lburgise9d@wp.com,Male,JPMORGAN CHASE
339,Tove,Hurley,thurley9e@com.com,Female,BANCO BPM SOCIETA' PER AZIONI
340,Kareem,Northage,knorthage9f@pen.io,Genderfluid,BANCA DELLA NUOVA TERRA S.P.A.
341,Morena,Fehner,mfehner9g@rediff.com,Female,FIRST SECURITY BANK
342,Batholomew,Garrand,bgarrand9h@businessweek.com,Bigender,BANCO BPM SOCIETA' PER AZIONI
343,Wendell,Wiggins,wwiggins9i@squidoo.com,Male,JPMORGAN CHASE
344,Conrade,Urlich,curlich9j@ibm.com,Male,SOUTH STATE BANK
345,Allyn,Pearce,apearce9k@scientificamerican.com,Male,Raiffeisenbank im Hochtaunus eG
346,Wallache,Lane,wlane9l@mapquest.com,Male,FIFTH THIRD BANK
347,Mordy,Gunstone,mgunstone9m@diigo.com,Male,FIRST NATIONAL BANK OF PENNSYLVANIA
348,Carlee,Ebbage,cebbage9n@techcrunch.com,Female,"CREDITO COOPERATIVO RAVENNATE, FORLIVESE E IMOLESE SOCIETA' COOPERATIVA"
349,Elliot,Keith,ekeith9o@umn.edu,Male,BANK OF AMERICA
350,Feodor,Algy,falgy9p@e-recht24.de,Male,Caisse de crédit municipal de Nantes
351,Dorelia,Candlish,dcandlish9q@scribd.com,Female,FIRST MERCHANTS BANK
352,Ulric,Snel,usnel9r@dyndns.org,Male,FIFTH THIRD BANK
353,Cynthea,Gagie,cgagie9s@wufoo.com,Female,FINANCIAL PARTNERS CREDIT UNION
354,Carolann,Farfull,cfarfull9t@google.it,Female,PENTAGON FEDERAL CREDIT UNION
355,Chrissie,Arnaudon,carnaudon9u@slashdot.org,Male,MUFG UNION BANK
356,Nevin,Petrelli,npetrelli9v@homestead.com,Male,EAST WEST BANK
357,Emmaline,MacGiany,emacgiany9w@spotify.com,Female,BANK OF COMMERCE
358,Winston,Fownes,wfownes9x@sfgate.com,Male,Freikirchen.Bank eG
359,Freemon,Iddon,fiddon9y@nbcnews.com,Male,RENASANT BANK
360,Barth,Coombe,bcoombe9z@hubpages.com,Male,BANCA NAZIONALE DEL LAVORO S.P.A. (IN FORMA CONTRATTA BNL S.P.A.)
361,Garrett,DeSousa,gdesousaa0@surveymonkey.com,Male,JPMORGAN CHASE
362,Lemar,Izatson,lizatsona1@go.com,Male,mBank S.A.
363,Monro,Starkings,mstarkingsa2@fotki.com,Male,FIRST STATE BANK
364,Benjie,Francino,bfrancinoa3@themeforest.net,Genderqueer,ILLIMITY BANK S.P.A.
365,Lynnell,Nourse,lnoursea4@squidoo.com,Female,FEDERAL RESERVE BANK
366,Rosmunda,Collaton,rcollatona5@foxnews.com,Genderqueer,FIRST BANK
367,Tammy,Norris,tnorrisa6@forbes.com,Male,SIMMONS FIRST NATIONAL BANK
368,Saw,Collyns,scollynsa7@scientificamerican.com,Male,FIRST COMMUNITY BANK
369,Kiersten,Stonnell,kstonnella8@51.la,Female,FIRST SAVINGS BANK
370,Gaelan,Mingame,gmingamea9@bloomberg.com,Male,INTERBANK
371,Archibaldo,Rubenovic,arubenovicaa@nbcnews.com,Male,Altura Credit Union Limited
372,Koral,Teale,ktealeab@bloomberg.com,Female,BMO HARRIS BANK
373,Leanora,Dun,ldunac@goo.ne.jp,Female,Access Credit Union Limited
374,Dehlia,Guilford,dguilfordad@pinterest.com,Female,A.N.S.A.C.Credit Union Limited
375,Annissa,Taggett,ataggettae@mozilla.org,Female,FIRST FINANCIAL BANK
376,Viviene,Favelle,vfavelleaf@slideshare.net,Female,FIRSTBANK
377,Peggy,Rubie,prubieag@de.vu,Female,Caisse de crédit municipal de Nice
378,Simonne,Flawith,sflawithah@ibm.com,Female,PEOPLES STATE BANK
379,Natasha,Chettoe,nchettoeai@wufoo.com,Female,Volksbank Riesa eG
380,Ivar,Skeldinge,iskeldingeaj@noaa.gov,Male,Caisse d'épargne et de prévoyance Aquitaine Poitou-Charentes
381,Feliza,Rhoades,frhoadesak@goo.gl,Bigender,Sparkasse Kulmbach-Kronach
382,Rem,Duthy,rduthyal@newyorker.com,Male,CAPITAL ONE
383,Darius,Jent,djentam@imdb.com,Male,BANCA NAZIONALE DEL LAVORO S.P.A. (IN FORMA CONTRATTA BNL S.P.A.)
384,Aldric,Morrallee,amorralleean@feedburner.com,Male,EASTERN BANK
385,Shelton,Rissom,srissomao@archive.org,Male,PNC BANK
386,Chick,Fogg,cfoggap@prweb.com,Male,FARMERS STATE BANK
387,Dredi,Scanlon,dscanlonaq@spiegel.de,Female,ALLIANZ BANK FINANCIAL ADVISORS S.P.A.
388,Jacquenette,Gelland,jgellandar@reddit.com,Female,FIRST BANK
389,Tabby,Kinglesyd,tkinglesydas@ocn.ne.jp,Male,BRANCH BANKING & TRUST COMPANY
390,Dwight,Strelitzki,dstrelitzkiat@so-net.ne.jp,Male,BANCO BPM SOCIETA' PER AZIONI
391,Torrey,Troth,ttrothau@rediff.com,Male,CENTRAL BANK
392,Tomaso,Chislett,tchislettav@livejournal.com,Male,MBH Befektetési Bank Zártkörűen Működő Részvénytársaság
393,Kennie,Gossipin,kgossipinaw@hostgator.com,Male,CHEMICAL BANK
394,Doreen,Ching,dchingax@lulu.com,Female,Sparkasse St. Blasien
395,Ardine,Bubear,abubearay@t.co,Female,MUFG UNION BANK
396,Dorthy,Maestrini,dmaestriniaz@youtu.be,Female,HSBC BANK
397,Vassily,Wedlock,vwedlockb0@tmall.com,Male,CAPITAL ONE
398,Patrick,Ashborne,pashborneb1@prnewswire.com,Male,BANCO BPM SOCIETA' PER AZIONI
399,Angelina,Tuhy,atuhyb2@alibaba.com,Genderqueer,Caisse régionale de crédit agricole mutuel Nord Midi-Pyrénées
400,Ivory,Matthiae,imatthiaeb3@squidoo.com,Female,John Deere Bank S.A.
401,Kip,Eckart,keckartb4@ucla.edu,Male,BANCO BPM SOCIETA' PER AZIONI
402,Tawnya,Vanyarkin,tvanyarkinb5@lulu.com,Female,Banque internationale de commerce - BRED
403,Bernhard,Spreckley,bspreckleyb6@constantcontact.com,Male,VR Bank Schwäbischer Wald eG
404,Tadeas,Kinsett,tkinsettb7@ftc.gov,Male,FIRST BANK
405,Sibylla,Heathorn,sheathornb8@patch.com,Female,"Caja Rural de Albal, Coop. de Crédito V."
406,Thornton,Nangle,tnangleb9@zimbio.com,Male,FARMERS & MERCHANTS BANK
407,Flossie,Robelin,frobelinba@yelp.com,Female,BANCA DI CREDITO COOPERATIVO DELLA VALLE DEL TRIGNO - SOCIETA' COOPERATIVA
408,Kathryn,Waylett,kwaylettbb@techcrunch.com,Genderfluid,CATHAY BANK
409,Toddie,Heymann,theymannbc@dyndns.org,Male,CAPITAL ONE
410,Harland,Depport,hdepportbd@clickbank.net,Male,Raiffeisenbank Türkheim eG
411,Katy,Barukh,kbarukhbe@lulu.com,Female,BANCO BPM SOCIETA' PER AZIONI
412,Ethelind,Flude,efludebf@google.cn,Female,BANK OF INDIA
413,Violette,Wilkin,vwilkinbg@networkadvertising.org,Female,SECURITY BANK
414,Sarajane,Coleford,scolefordbh@bizjournals.com,Genderqueer,CITIZENS NATIONAL BANK
415,Theresita,Golledge,tgolledgebi@51.la,Female,BANCO BPM SOCIETA' PER AZIONI
416,Bradly,Attarge,battargebj@ning.com,Male,CASSA RAIFFEISEN VAL SARENTINO SOCIETA' COOPERATIVA (IN LINGUA TEDESCA RAIFFEISENKASSE SARNTAL GENOSSENSCHAFT)
417,Barnett,Bartkowiak,bbartkowiakbk@gmpg.org,Male,Thomastown Credit Union Limited
418,Oralla,Gonnely,ogonnelybl@xinhuanet.com,Female,CAPITAL ONE
419,Cornelius,Twort,ctwortbm@google.co.jp,Male,BANCA POPOLARE ETICA - SOCIETA' COOPERATIVA PER AZIONI (IN FORMA ABBREVIATA BANCA ETICA O BPE)
420,Allen,Goodlip,agoodlipbn@e-recht24.de,Male,BANCO BPM SOCIETA' PER AZIONI
421,Angil,Ainley,aainleybo@stanford.edu,Polygender,PNC BANK
422,Pietrek,Scoggins,pscogginsbp@1und1.de,Male,FIFTH THIRD BANK
423,Zorah,Rushmare,zrushmarebq@pagesperso-orange.fr,Female,State Bank of India
424,Mario,Enns,mennsbr@fda.gov,Male,Sparkasse Jena-Saale-Holzland
425,Veronica,Humphris,vhumphrisbs@twitter.com,Female,Raiffeisenbank Nestelbach-Eggersdorf eGen
426,Audry,Ferrant,aferrantbt@1688.com,Female,Hypo Vorarlberg Bank AG
427,Linette,Porcher,lporcherbu@webeden.co.uk,Female,WHITNEY BANK
428,Consuelo,Millsom,cmillsombv@123-reg.co.uk,Female,VR-Bank Handels- und Gewerbebank eG
429,Alvira,Lissenden,alissendenbw@zimbio.com,Female,Westport Credit Union Limited
430,Hartwell,Dunderdale,hdunderdalebx@forbes.com,Male,My Money Bank
431,Spenser,Espinola,sespinolaby@usgs.gov,Male,HUNTINGTON NATIONAL BANK
432,Freeman,Denekamp,fdenekampbz@elegantthemes.com,Male,FIRST NATIONAL BANK
433,Sibyl,Cauley,scauleyc0@pcworld.com,Female,VAN DE PUT & CO Banquiers Privés
434,Nev,Lazenby,nlazenbyc1@bloglines.com,Male,DANSKE BANK A/S
435,Waite,Pepall,wpepallc2@europa.eu,Male,Volksbank Stade-Cuxhaven eG
436,Sashenka,Presley,spresleyc3@meetup.com,Female,FIFTH THIRD BANK
437,Kliment,Chaperlin,kchaperlinc4@eventbrite.com,Male,"Banco Bilbao Vizcaya Argentaria, S.A."
438,Dwight,Korpal,dkorpalc5@google.ca,Male,BANK OF AMERICA
439,Carroll,Thieme,cthiemec6@barnesandnoble.com,Male,BANK OF NEW YORK MELLON
440,Martainn,Sharrem,msharremc7@chronoengine.com,Male,Raiffeisenbank Region Grieskirchen eGen
441,Dugald,Ortner,dortnerc8@hexun.com,Male,Volksbank Wittgenstein eG
442,Rafa,Fiander,rfianderc9@columbia.edu,Female,COMMERCIAL BANK
443,Leoine,De Vries,ldevriesca@google.es,Female,THE HUNTINGTON NATIONAL BANK
444,Domingo,Ingray,dingraycb@privacy.gov.au,Male,CAPITAL ONE
445,Holly,Gallon,hgalloncc@wufoo.com,Male,VR-Bank Handels- und Gewerbebank eG
446,Vassili,Tomblings,vtomblingscd@kickstarter.com,Male,BRANCH BANKING & TRUST COMPANY
447,Edan,Turfin,eturfince@livejournal.com,Male,FIRSTBANK
448,Jeffry,Lattos,jlattoscf@dropbox.com,Male,REGIONS BANK
449,Byron,Bromage,bbromagecg@reddit.com,Male,BANCA NAZIONALE DEL LAVORO S.P.A. (IN FORMA CONTRATTA BNL S.P.A.)
450,Dannye,Poag,dpoagch@furl.net,Female,FARMERS STATE BANK
451,Sal,Banck,sbanckci@alexa.com,Female,BANCA NAZIONALE DEL LAVORO S.P.A. (IN FORMA CONTRATTA BNL S.P.A.)
452,Bryanty,Reder,bredercj@jugem.jp,Male,FIRST NATIONAL BANK
453,Rick,Blunn,rblunnck@livejournal.com,Male,"Banco Bilbao Vizcaya Argentaria, S.A."
454,Leena,Rubinshtein,lrubinshteincl@edublogs.org,Female,Bank Spółdzielczy w Mławie
455,Goober,Togher,gtoghercm@github.com,Male,PSD Bank Nord eG
456,Jeramie,Corkhill,jcorkhillcn@arstechnica.com,Male,SIMMONS FIRST NATL BK
457,Alessandro,Chasmoor,achasmoorco@meetup.com,Male,FIRST FINANCIAL BANK
458,Sarajane,Dunnet,sdunnetcp@altervista.org,Female,BANCA DI CREDITO COOPERATIVO DI SAN GIOVANNI ROTONDO - SOCIETA' COOPERATIVA
459,Natalya,Randerson,nrandersoncq@bigcartel.com,Female,FIFTH THIRD BANK
460,Fan,Courtier,fcourtiercr@w3.org,Female,Cabra Credit Union Limited
461,Cam,Comport,ccomportcs@tiny.cc,Polygender,COMMERCE BANK
462,Forest,Burgwin,fburgwinct@wikia.com,Male,Raiffeisenbank Süd-Weststeiermark eGen
463,Les,Kempston,lkempstoncu@vimeo.com,Male,Süd-West-Kreditbank Finanzierung GmbH
464,Shalom,Newall,snewallcv@godaddy.com,Male,IBERIABANK
465,Conroy,Nani,cnanicw@toplist.cz,Male,SECURITY BANK
466,Laney,Lovie,lloviecx@upenn.edu,Female,BMO HARRIS BANK
467,Lynnett,O'Gorman,logormancy@xrea.com,Female,CATHAY BANK
468,Rudolfo,Overel,roverelcz@vinaora.com,Male,Banque centrale de compensation
469,Ram,Ledstone,rledstoned0@sciencedirect.com,Male,BANCO BPM SOCIETA' PER AZIONI
470,Lyon,Lenaghen,llenaghend1@ucsd.edu,Male,SELF-HELP CREDIT UNION
471,Chase,Skeleton,cskeletond2@geocities.com,Male,FIRST TENNESSEE BANK
472,Traci,Claxton,tclaxtond3@earthlink.net,Female,Spar- und Kreditbank des Bundes Freier evangelischer Gemeinden eG
473,Rachael,Mapletoft,rmapletoftd4@addtoany.com,Female,Caisse régionale de crédit agricole mutuel Alsace Vosges
474,Gerardo,Sleeny,gsleenyd5@issuu.com,Male,ING Bank N.V.
475,Kathrine,Garter,kgarterd6@soundcloud.com,Female,CITIZENS BANK
476,Ase,Wewell,awewelld7@loc.gov,Male,Crédit Agricole S.A.
477,Corbin,Pennock,cpennockd8@imdb.com,Male,Sparkasse Coburg - Lichtenfels
478,Renaldo,Cluatt,rcluattd9@free.fr,Bigender,BANCO BPM SOCIETA' PER AZIONI
479,Ki,Junes,kjunesda@cbslocal.com,Female,INTERNATIONAL BANK OF COMMERCE
480,Teodor,Elverston,telverstondb@hatena.ne.jp,Male,Raiffeisenbank Lipizzanerheimat eGen
481,Arlen,Goodge,agoodgedc@dropbox.com,Female,GRANDPOINT BANK
482,Britni,Saffe,bsaffedd@wordpress.org,Female,Crédit Foncier de France
483,Gerda,Matityahu,gmatityahude@surveymonkey.com,Female,WEBSTER BANK
484,Farlay,Rutley,frutleydf@dot.gov,Male,Bank Saderat Iran
485,Rebekkah,Cunah,rcunahdg@naver.com,Female,FIRST NATIONAL BANK OF PENNSYLVANIA
486,Rutter,Davidou,rdavidoudh@usgs.gov,Male,CITIZENS BANK
487,Brian,Breydin,bbreydindi@msu.edu,Male,BANCO BPM SOCIETA' PER AZIONI
488,Angelique,Schellig,aschelligdj@edublogs.org,Female,FIFTH THIRD BANK
489,Nadean,Davidovicz,ndavidoviczdk@craigslist.org,Female,VR-Bank Uckermark-Randow eG
490,Syd,Philipot,sphilipotdl@123-reg.co.uk,Male,VALLEY NATIONAL BANK
491,Muriel,Linbohm,mlinbohmdm@discovery.com,Female,BANK OF NORTH CAROLINA
492,Darice,Trowell,dtrowelldn@merriam-webster.com,Female,"UNICREDIT, SOCIETA' PER AZIONI"
493,Davidson,Brewood,dbrewooddo@nhs.uk,Male,INDEPENDENT BANK
494,Errol,Chelam,echelamdp@weather.com,Male,PEOPLES BANK
495,Goldie,Brute,gbrutedq@tiny.cc,Female,FRØRUP ANDELSKASSE
496,Elisa,Lonie,eloniedr@github.io,Female,TRUSTMARK NATIONAL BANK
497,Gussi,Basketter,gbasketterds@admin.ch,Female,BANCA DI BARI E TARANTO CREDITO COOPERATIVO - SOCIETA' COOPERATIVA
498,Jephthah,Secretan,jsecretandt@bbb.org,Male,Raiffeisenbank Mittel- und Hinterbregenzerwald eGen
499,Mechelle,Matuszkiewicz,mmatuszkiewiczdu@blog.com,Agender,UNION BANK & TRUST
500,Leslie,Bernardt,lbernardtdv@seattletimes.com,Male,State Bank of India
501,Caro,Barenskie,cbarenskiedw@time.com,Female,Volksbank Vogtland-Saale-Orla eG
502,Barbee,Leithgoe,bleithgoedx@china.com.cn,Female,CITIZENS BANK
503,Jone,Dougary,jdougarydy@behance.net,Bigender,CADENCE BANK
504,Dag,Rodden,droddendz@skyrock.com,Male,Volksbank Zuffenhausen eG
505,Joelynn,Lockier,jlockiere0@statcounter.com,Female,PARK NATIONAL BANK
506,Sheelagh,MacVicar,smacvicare1@xinhuanet.com,Female,BANCA NAZIONALE DEL LAVORO S.P.A. (IN FORMA CONTRATTA BNL S.P.A.)
507,Stephana,Colenutt,scolenutte2@java.com,Female,Volksbank Beckum-Lippstadt eG
508,Rudolf,Kuhnert,rkuhnerte3@gnu.org,Male,Banque Chaabi du Maroc
509,Dalston,Ratray,dratraye4@ehow.com,Male,BANCA NAZIONALE DEL LAVORO S.P.A. (IN FORMA CONTRATTA BNL S.P.A.)
510,Dasha,Forder,dfordere5@purevolume.com,Female,BANCO BPM SOCIETA' PER AZIONI
511,Lorinda,Sheryne,lsherynee6@constantcontact.com,Female,BANCO BPM SOCIETA' PER AZIONI
512,Amberly,Josipovitz,ajosipovitze7@huffingtonpost.com,Female,BCR BANCA PENTRU LOCUINTE S.A.
513,Arie,Goodwill,agoodwille8@weibo.com,Male,BANK OF HOPE
514,Enrico,Pallaske,epallaskee9@de.vu,Male,BEAR STATE BANK
515,Dorri,Daw,ddawea@dailymotion.com,Female,FIRST STATE BANK
516,Tadio,Unwin,tunwineb@miibeian.gov.cn,Male,FIRST CITIZENS BANK & TRUST COMPANY
517,Phillipp,Tremlett,ptremlettec@1688.com,Male,Sparkasse zu Lübeck Aktiengesellschaft
518,Sigvard,Keightley,skeightleyed@paginegialle.it,Male,CASSA PADANA BANCA DI CREDITO COOPERATIVO SOCIETA' COOPERATIVA
519,Olivie,Shenley,oshenleyee@mapy.cz,Female,FARMERS STATE BANK
520,Susanne,Piens,spiensef@newyorker.com,Female,ZIRAAT BANK INTERNATIONAL AKTIENGESELLSCHAFT
521,Vera,Lievesley,vlievesleyeg@parallels.com,Female,BANCA NAZIONALE DEL LAVORO S.P.A. (IN FORMA CONTRATTA BNL S.P.A.)
522,Avie,Kienzle,akienzleeh@dagondesign.com,Female,COMMUNITY FIRST BANK
523,Jilli,Hallbord,jhallbordei@merriam-webster.com,Polygender,CORNERSTONE BANK
524,Barnett,Arsnell,barsnellej@over-blog.com,Male,HSBC BANK
525,Vivien,Farrin,vfarrinek@sogou.com,Female,PNC BANK
526,Arlyn,Atmore,aatmoreel@tamu.edu,Female,PNC BANK
527,Leroy,Symondson,lsymondsonem@sitemeter.com,Male,Claddagh Credit Union Limited
528,Bernete,Bruin,bbruinen@globo.com,Female,State Bank of India
529,Wandis,Hune,whuneeo@pbs.org,Female,Raiffeisenbank Bad Kötzting eG
530,Jaine,Fawson,jfawsonep@seattletimes.com,Female,Caisse régionale de crédit agricole mutuel d'Ille-et-Vilaine
531,Douglass,Milsap,dmilsapeq@icq.com,Male,SIMMONS FIRST NATL BK
532,Rania,Dingwall,rdingwaller@springer.com,Female,BANK OF INDIA
533,Addi,Seeborne,aseebornees@i2i.jp,Female,CHEMICAL BANK
534,Katherina,Grocock,kgrococket@ycombinator.com,Female,FRANDSEN BANK & TRUST
535,Randene,Sealey,rsealeyeu@wikimedia.org,Female,COMERICA BANK
536,Idalina,Auguste,iaugusteev@mediafire.com,Female,BANNER BANK
537,Nataniel,McCorley,nmccorleyew@gnu.org,Male,Hagnauer Volksbank eG
538,Livvyy,McIlory,lmciloryex@wikipedia.org,Female,BANCO BPM SOCIETA' PER AZIONI
539,Shepperd,Truett,struettey@upenn.edu,Male,VALLEY NATIONAL BANK
540,Nikolai,Hartop,nhartopez@4shared.com,Male,BANCO BPM SOCIETA' PER AZIONI
541,Windy,Milazzo,wmilazzof0@weather.com,Female,BMO HARRIS BANK
542,Valma,Huston,vhustonf1@addthis.com,Female,Raiffeisenbank Austria d.d.
543,Teresina,Swyn,tswynf2@europa.eu,Female,RENASANT BANK
544,Ara,McIlherran,amcilherranf3@prweb.com,Male,BANK OF AMERICA
545,Genevieve,Buckston,gbuckstonf4@nhs.uk,Genderqueer,Landesbank Hessen-Thüringen Girozentrale
546,Weylin,McHan,wmchanf5@cisco.com,Male,TD BANK
547,Wallis,Faccini,wfaccinif6@twitpic.com,Female,Sparkasse Bad Kissingen
548,Moises,Bassil,mbassilf7@macromedia.com,Male,FARMERS STATE BANK
549,Rory,Karsh,rkarshf8@usda.gov,Female,PEOPLES BANK
550,Raphael,Rittelmeyer,rrittelmeyerf9@blogs.com,Male,V-Bank AG
551,Berty,Hymas,bhymasfa@time.com,Male,BFF BANK SPA
552,Bret,Matteoni,bmatteonifb@ocn.ne.jp,Male,CIF EUROMORTGAGE
553,Kelcey,Guisot,kguisotfc@sciencedirect.com,Female,Raiffeisenlandesbank Oberösterreich Aktiengesellschaft
554,Keely,Bartczak,kbartczakfd@topsy.com,Female,ING Bank N.V.
555,Osgood,Stockow,ostockowfe@usatoday.com,Male,CENTRAL BANK
556,Afton,Pikhno,apikhnoff@list-manage.com,Female,Raiffeisenbank Längenfeld eGen
557,Stanislaus,Attoe,sattoefg@vk.com,Male,BNP Paribas
558,Siusan,Benck,sbenckfh@illinois.edu,Female,FIRST STATE BANK
559,Alistair,Seys,aseysfi@vinaora.com,Male,Life Credit Union Limited
560,Barton,Innerstone,binnerstonefj@google.cn,Agender,Sparkasse Südpfalz
561,Remy,Milkin,rmilkinfk@jalbum.net,Female,FIFTH THIRD BANK
562,Cissiee,Paragreen,cparagreenfl@e-recht24.de,Polygender,Link Credit Union Limited
563,Aili,Raffin,araffinfm@networkadvertising.org,Female,WEBSTER BANK
564,Launce,Mumbeson,lmumbesonfn@ameblo.jp,Male,VALLEY NATIONAL BANK
565,Malanie,Agron,magronfo@homestead.com,Female,Landesbank Hessen-Thüringen Girozentrale
566,Brew,Aleksandrov,baleksandrovfp@usa.gov,Male,"Enity Bank Group AB (publ), filial i Finland"
567,Alisun,Pomfrett,apomfrettfq@imdb.com,Female,Saint Raphael's Garda Credit Union Limited
568,Fred,Bruhnicke,fbruhnickefr@blinklist.com,Female,PROSPERITY BANK
569,Quint,Wallenger,qwallengerfs@usatoday.com,Bigender,BUSEY BANK
570,Christye,Honniebal,chonniebalft@theguardian.com,Female,"Wizink Bank, S.A."
571,Dahlia,Hayter,dhayterfu@squarespace.com,Female,CITIZENS STATE BANK
572,Adi,Eglinton,aeglintonfv@usgs.gov,Female,CITIZENS BANK
573,Rafa,Collings,rcollingsfw@washington.edu,Female,FIRST NATIONAL BANK
574,Yasmin,Yven,yyvenfx@columbia.edu,Non-binary,Swilly-Mulroy Credit Union Limited
575,Dare,Bonus,dbonusfy@stumbleupon.com,Male,Raiffeisenbank eG
576,Jacquette,Easthope,jeasthopefz@skyrock.com,Female,Swedbank AB
577,Melissa,Fulham,mfulhamg0@plala.or.jp,Female,FIRST NATIONAL BANK
578,Dallas,Labat,dlabatg1@ning.com,Male,SANTANDER BANK
579,Von,Mowles,vmowlesg2@nifty.com,Male,BANCO BPM SOCIETA' PER AZIONI
580,Harri,Leaver,hleaverg3@w3.org,Non-binary,SANTANDER BANK
581,Cello,Macy,cmacyg4@jimdo.com,Male,PEOPLES BANK
582,Christi,Jachimiak,cjachimiakg5@friendfeed.com,Female,PNC BANK
583,Noland,McGarrity,nmcgarrityg6@bluehost.com,Male,Raiffeisenbank Berghülen eG
584,Cele,Arckoll,carckollg7@gnu.org,Female,"Raiffeisenbank Friesach-Metnitztal, registrierte Genossenschaft mit beschränkter Haftung"
585,Aile,Coolbear,acoolbearg8@noaa.gov,Female,BUSEY BANK
586,Judah,Markl,jmarklg9@seattletimes.com,Male,CIBC Capital Markets (Europe) S.A.
587,Shirlene,Barniss,sbarnissga@umn.edu,Female,CITIZENS BANK
588,Louis,Hutchison,lhutchisongb@diigo.com,Male,Nomura Bank (Luxembourg) S.A.
589,Brena,Dibnah,bdibnahgc@deliciousdays.com,Female,FARMERS BANK
590,Ainslie,Dullingham,adullinghamgd@princeton.edu,Female,BANCA PRIVATA LEASING S.P.A.
591,Lexie,Coetzee,lcoetzeege@ifeng.com,Female,Raiffeisenbank Buch-Eching eG
592,Oralia,Tatlowe,otatlowegf@livejournal.com,Female,Walser Raiffeisen Bank Aktiengesellschaft
593,Horst,Perryn,hperryngg@dailymail.co.uk,Male,Stadtsparkasse Gladbeck
594,Ardis,Walbrun,awalbrungh@cafepress.com,Female,JPMORGAN CHASE
595,Bayard,Itzkovici,bitzkovicigi@columbia.edu,Male,FIFTH THIRD BANK
596,Mora,Huntriss,mhuntrissgj@europa.eu,Female,BANCA NAZIONALE DEL LAVORO S.P.A. (IN FORMA CONTRATTA BNL S.P.A.)
597,Kris,Oen,koengk@edublogs.org,Female,Caisse régionale de crédit agricole mutuel du Nord Est
598,Abby,Peddar,apeddargl@cyberchimps.com,Female,BANCA DEL PIEMONTE S.P.A.
599,Aaron,Ennor,aennorgm@ucla.edu,Male,Raiffeisenbank Region Traun-Alm eGen
600,Nanni,Gordon-Giles,ngordongilesgn@symantec.com,Female,PRADER BANK S.P.A. (IN LINGUA TEDESCA PRADER BANK AG)
601,Terese,Cloy,tcloygo@state.gov,Female,FIRST SECURITY BANK
602,Elnora,Hincks,ehincksgp@cdbaby.com,Female,BANCO BPM SOCIETA' PER AZIONI
603,Rees,Heinzel,rheinzelgq@flickr.com,Polygender,BNP Paribas Bank Polska S.A.
604,Reese,Walak,rwalakgr@barnesandnoble.com,Male,Sparkasse Salzkammergut AG
605,Brendin,Blackbourn,bblackbourngs@ask.com,Male,RaiffeisenBank St. Ulrich - Waidring eGen
606,Trip,Shiels,tshielsgt@amazon.co.jp,Male,FIRST NATIONAL BANK
607,Colan,Strutley,cstrutleygu@cnbc.com,Male,FIRST BANK & TRUST
608,Martica,Gilfether,mgilfethergv@hexun.com,Female,TD BANK
609,Nicoline,Coppeard,ncoppeardgw@fc2.com,Female,PNC BANK
610,Colan,Conkay,cconkaygx@earthlink.net,Male,FEDERAL RESERVE BANK
611,Martie,Woofenden,mwoofendengy@mail.ru,Male,FIRST FINANCIAL BANK
612,Aldridge,Brinicombe,abrinicombegz@ameblo.jp,Male,Raiffeisenbank Kieselbronn eG
613,Sidonia,Shevelin,sshevelinh0@php.net,Genderqueer,"Caja Rural de Guissona, Sociedad Cooperativa de Crédito"
614,Pippy,Cisneros,pcisnerosh1@ycombinator.com,Female,Bezirkssparkasse Reichenau
615,Sherwynd,Newcom,snewcomh2@weebly.com,Polygender,SOUTH STATE BANK
616,Trina,Nyles,tnylesh3@mtv.com,Bigender,Caisse régionale de crédit agricole mutuel de Franche-Comté
617,Brianne,Bradden,bbraddenh4@nifty.com,Female,COMPASS BANK
618,Guinna,Skillicorn,gskillicornh5@upenn.edu,Female,FARMERS STATE BANK
619,Eddie,Kingsnod,ekingsnodh6@dot.gov,Female,JPMORGAN CHASE
620,Martita,Chrstine,mchrstineh7@uiuc.edu,Female,FIRST STATE BANK
621,Duffie,Hapke,dhapkeh8@opensource.org,Male,FIRST NATIONAL BANK
622,Judi,Duberry,jduberryh9@blogtalkradio.com,Female,COMMUNITY BANK
623,Asa,Neylan,aneylanha@mayoclinic.com,Male,BANK OF AMERICA
624,Kimberlyn,Kirtland,kkirtlandhb@clickbank.net,Female,"Privatbanka, a.s."
625,Shem,Symcoxe,ssymcoxehc@4shared.com,Genderqueer,Borrisokane Credit Union Limited
626,Lotty,Minnette,lminnettehd@ameblo.jp,Female,BERKSHIRE BANK
627,Grace,Ferraro,gferrarohe@paginegialle.it,Male,BUSEY BANK
628,Gratiana,McGuirk,gmcguirkhf@yolasite.com,Female,BANCO BPM SOCIETA' PER AZIONI
629,Ainslee,Leavry,aleavryhg@sfgate.com,Female,Kreissparkasse Steinfurt
630,Ly,Maslin,lmaslinhh@illinois.edu,Male,Bank Vontobel Europe AG
631,Tessy,Collishaw,tcollishawhi@goo.ne.jp,Female,Raiffeisenbank Steyr eGen
632,Carolynn,Smorthit,csmorthithj@wisc.edu,Non-binary,RENASANT BANK
633,Jose,Braizier,jbraizierhk@vistaprint.com,Male,State Bank of India
634,Wesley,Brewin,wbrewinhl@hao123.com,Male,KEB Hana Bank
635,Davin,Reitenbach,dreitenbachhm@miitbeian.gov.cn,Agender,PNC BANK INC. - BALTIMORE
636,Bernadene,Marcq,bmarcqhn@sakura.ne.jp,Female,BANK OF INDIA
637,Godard,Cantle,gcantleho@msn.com,Agender,GLACIER BANK
638,Dori,Rozet,drozethp@sfgate.com,Female,"Caja Rural San José de Burriana, S. Coop. de Crédito V."
639,Melvin,Packwood,mpackwoodhq@ucsd.edu,Bigender,FIRST NATIONAL BANK
640,Jamie,Ketchen,jketchenhr@angelfire.com,Male,FIRST COMMUNITY BANK
641,Caz,Robroe,crobroehs@bloglovin.com,Male,COMMUNITY STATE BANK
642,Nessi,Blincowe,nblincoweht@telegraph.co.uk,Bigender,STONEGATE BANK
643,Rex,Solon,rsolonhu@google.com,Male,FARMERS & MERCHANTS BANK
644,Alessandra,Sapir,asapirhv@amazon.co.jp,Female,Raiffeisenbank Gymnich eG
645,Gennifer,Bull,gbullhw@odnoklassniki.ru,Female,FEDERAL RESERVE BANK
646,Selene,Chichgar,schichgarhx@blinklist.com,Female,Caisse régionale de crédit agricole mutuel de la Martinique et de la Guyane
647,Chastity,Webby,cwebbyhy@is.gd,Female,Oldenburger Volksbank eG
648,Christoph,Haysom,chaysomhz@squarespace.com,Male,KEY BANK
649,Missie,Paaso,mpaasoi0@alibaba.com,Female,Qatar national bank
650,Lon,Holleran,lhollerani1@nationalgeographic.com,Male,State Bank of India
651,Harald,Benazet,hbenazeti2@list-manage.com,Male,FIRSTBANK
652,Zandra,Chastang,zchastangi3@shareasale.com,Female,ANDELSKASSEN FÆLLESKASSEN
653,Austina,Poter,apoteri4@epa.gov,Female,FIRST SECURITY BANK
654,Rupert,Saunderson,rsaundersoni5@statcounter.com,Male,BMO HARRIS BANK
655,Dietrich,Gilhooley,dgilhooleyi6@ted.com,Male,Triodos Bank N.V.
656,Olivero,Bromage,obromagei7@unc.edu,Male,Raiffeisen-Landesbank Steiermark AG
657,Aubrette,Devote,adevotei8@unesco.org,Female,Caisse régionale de crédit agricole mutuel Charente-Maritime Deux-Sèvres
658,Emmaline,Issac,eissaci9@shinystat.com,Female,SANTANDER BANK
659,Teodorico,Cossar,tcossaria@typepad.com,Male,FIRST NATIONAL BANK
660,Alfie,Evered,aeveredib@jigsy.com,Female,Hümmlinger Volksbank eG
661,Robers,Weadick,rweadickic@elegantthemes.com,Male,Central Cooperative Bank AD
662,Quinn,Bate,qbateid@gnu.org,Male,Raiffeisenbank Region Baden eGen
663,Hansiain,Bridgestock,hbridgestockie@cmu.edu,Male,Volksbank Raiffeisenbank Nordoberpfalz eG
664,Rena,Mc Mechan,rmcmechanif@army.mil,Female,FIRST FINANCIAL BANK
665,Papageno,Devinn,pdevinnig@buzzfeed.com,Male,Investitionsbank Schleswig-Holstein
666,Inga,Thairs,ithairsih@irs.gov,Genderfluid,AION BANK
667,Wye,Steadman,wsteadmanii@t-online.de,Male,FIDELITY BANK
668,Lorens,Phebee,lphebeeij@irs.gov,Male,BANK OF AMERICA
669,Rutter,Pinches,rpinchesik@dell.com,Male,UNITED BANK
670,Joseito,Sangar,jsangaril@com.com,Male,BYLINE BANK
671,Gunter,Ghiriardelli,gghiriardelliim@umich.edu,Male,Bank of China (Közép-Kelet-Európa) Zártkörűen Működő Részvénytársaság
672,Lura,Thoma,lthomain@mapquest.com,Female,Kathrein Privatbank Aktiengesellschaft
673,Guthrie,Rambadt,grambadtio@hexun.com,Male,ING Bank N.V.
674,Edward,Strettell,estrettellip@joomla.org,Male,BANCA DELLA MARCA CREDITO COOPERATIVO - SOCIETA' COOPERATIVA
675,Hollis,Kilbee,hkilbeeiq@omniture.com,Agender,SECURITY STATE BANK
676,Michal,Firidolfi,mfiridolfiir@wikia.com,Female,BANCORPSOUTH BANK
677,Piotr,Batecok,pbatecokis@behance.net,Male,BNP Paribas
678,Elie,Dohmann,edohmannit@com.com,Female,BYLINE BANK
679,Charil,Peet,cpeetiu@tinypic.com,Female,Boyle Credit Union Limited
680,Lindsy,Ghelerdini,lghelerdiniiv@dagondesign.com,Female,MEDIOBANCA PREMIER S.P.A.
681,Margaret,Vinck,mvinckiw@vinaora.com,Agender,BANCA GENERALI - SOCIETA' PER AZIONI (IN FORMA ABBREVIATA GENERBANCA)
682,Grethel,Ellerington,gelleringtonix@time.com,Genderqueer,CREDIT UNION OF SOUTHERN CALIFORNIA
683,Carson,Tynnan,ctynnaniy@bing.com,Polygender,Ihre Volksbank eG Neckar Odenwald Main Tauber
684,Byran,Castenda,bcastendaiz@opensource.org,Male,BANCO BPM SOCIETA' PER AZIONI
685,Gwenny,Colgan,gcolganj0@stanford.edu,Female,FIRST NATIONAL BANK
686,Fons,Guerrieri,fguerrierij1@drupal.org,Non-binary,Raiffeisenbank Feldkirchen-Goldwörth eGen
687,Tymon,Gasperi,tgasperij2@ca.gov,Male,VR-Bank Nordeifel eG
688,Dani,Fursland,dfurslandj3@yellowpages.com,Female,COMMUNITY STATE BANK
689,Hendrick,Chaplyn,hchaplynj4@parallels.com,Male,REGIONS BANK
690,Guthrey,Mawby,gmawbyj5@photobucket.com,Male,Sparkasse Kulmbach-Kronach
691,Nikolia,Clipston,nclipstonj6@blogs.com,Female,BANCA DELL'ALTA MURGIA CREDITO COOPERATIVO - SOCIETA' COOPERATIVA
692,Lottie,Osmund,losmundj7@soup.io,Genderqueer,SIMMONS FIRST NATL BK
693,Hestia,Goshawke,hgoshawkej8@soup.io,Female,Cicobail
694,Galina,Peirone,gpeironej9@guardian.co.uk,Female,BRANCH BANKING & TRUST COMPANY
695,Zak,Gudde,zguddeja@studiopress.com,Genderfluid,FIRST NATIONAL BANK OF OMAHA
696,Dorise,Babar,dbabarjb@cdc.gov,Female,COMMERCIAL BANK
697,Mack,Pevsner,mpevsnerjc@barnesandnoble.com,Male,BANNER BANK
698,Darrelle,Bjerkan,dbjerkanjd@spiegel.de,Female,CAMDEN NATIONAL BANK
699,Dani,Seabourne,dseabourneje@linkedin.com,Female,PEOPLES BANK
700,Walker,Kayley,wkayleyjf@miibeian.gov.cn,Male,VALLEY NATIONAL BANK
701,Sianna,Demangeot,sdemangeotjg@cnet.com,Female,Investbank AD
702,Rodolphe,Sitlinton,rsitlintonjh@cargocollective.com,Male,Raiffeisenbank Region Braunau eGen
703,Langston,Correa,lcorreaji@weebly.com,Bigender,BPCE
704,Arne,Tudor,atudorjj@seesaa.net,Male,COLUMBIA STATE BANK
705,Madelon,Parkeson,mparkesonjk@macromedia.com,Female,COMMERCE BANK
706,Gerrie,Llorente,gllorentejl@netvibes.com,Male,BANK OF AMERICA
707,Aldous,Perago,aperagojm@alexa.com,Male,Swilly-Mulroy Credit Union Limited
708,Herman,Heibel,hheibeljn@time.com,Genderfluid,Oberbank AG
709,Riane,Node,rnodejo@tinypic.com,Female,TD BANK
710,Magnum,Linny,mlinnyjp@linkedin.com,Male,TD BANK
711,Cecelia,Iron,cironjq@godaddy.com,Female,BRANCH BANKING & TRUST COMPANY
712,Desmond,Dolbey,ddolbeyjr@scientificamerican.com,Male,Raiffeisenbank Montfort eGen
713,Oliver,Marian,omarianjs@harvard.edu,Male,Raiffeisenbank Region Feldbach eGen
714,Michale,Yea,myeajt@wikia.com,Male,FACTOFRANCE
715,Corabelle,Napoleon,cnapoleonju@nydailynews.com,Female,Sparkasse Westmünsterland
716,Glen,Lerego,gleregojv@indiegogo.com,Male,BANK OF THE OZARKS
717,Maggi,Tankin,mtankinjw@usgs.gov,Female,"Unicaja Banco, S.A."
718,Holly,Wholesworth,hwholesworthjx@eepurl.com,Female,Raiffeisenbank eG
719,Frasco,Rosenboim,frosenboimjy@narod.ru,Male,Stadtsparkasse Oberhausen
720,Rochell,Trunby,rtrunbyjz@dion.ne.jp,Female,Emsländische Volksbank eG
721,Beckie,Moodie,bmoodiek0@jalbum.net,Female,US BANK
722,Shir,Posnette,sposnettek1@woothemes.com,Female,State Bank of India
723,Lonnie,Stobbs,lstobbsk2@hostgator.com,Male,PACIFIC WESTERN BANK
724,Humfried,MacCartan,hmaccartank3@miibeian.gov.cn,Male,AMERIS BANK
725,Morrie,Hatto,mhattok4@goo.gl,Male,Blessington and District Credit Union Limited
726,Nial,Croston,ncrostonk5@google.cn,Male,BANCO POPULAR
727,Xerxes,Kerrich,xkerrichk6@t.co,Male,CITIBANK
728,Puff,Tubridy,ptubridyk7@umich.edu,Non-binary,BANCO BPM SOCIETA' PER AZIONI
729,Nickolas,Nansom,nnansomk8@google.com,Male,TRUSTMARK NATIONAL BANK
730,Howey,Yakovitch,hyakovitchk9@ed.gov,Male,BANK OF HOPE
731,Dallas,Land,dlandka@nature.com,Non-binary,UNITED BANK
732,Leandra,Sauvage,lsauvagekb@pbs.org,Female,COMMUNITY BANK
733,Damaris,Copcote,dcopcotekc@a8.net,Female,CADENCE BANK
734,Drucy,MacGilrewy,dmacgilrewykd@macromedia.com,Female,FARMERS STATE BANK
735,Lark,Simonassi,lsimonassike@feedburner.com,Female,CITY NATIONAL BANK
736,Maynord,McCart,mmccartkf@cyberchimps.com,Male,UBS (MONACO) S.A.
737,Xylia,Denyagin,xdenyaginkg@ning.com,Female,BANK OF AMERICA
738,Millie,Connikie,mconnikiekh@thetimes.co.uk,Female,IBERIABANK
739,Matti,Robillart,mrobillartki@nsw.gov.au,Female,Sparkasse Ostprignitz-Ruppin
740,Brant,Schott,bschottkj@amazon.co.uk,Male,UNION STATE BANK
741,Tate,Perdue,tperduekk@webnode.com,Female,COMMUNITY STATE BANK
742,Luis,Weth,lwethkl@hud.gov,Male,SANTANDER BANK
743,Giles,Costock,gcostockkm@businesswire.com,Male,CITIBANK
744,Desiree,Corkhill,dcorkhillkn@addtoany.com,Female,CITIZENS STATE BANK
745,Guy,Cragg,gcraggko@cbsnews.com,Male,CAPITAL BANK CORPORATION
746,Valery,Lawey,vlaweykp@shop-pro.jp,Polygender,Raiffeisenbank Mittelkärnten eG
747,Justinian,Birckmann,jbirckmannkq@usgs.gov,Male,Volksbank Dresden-Bautzen eG
748,Rudy,Vaune,rvaunekr@sun.com,Male,STATE BANK AND TRUST COMPANY
749,Harp,Anan,hananks@samsung.com,Male,BANCA DI CREDITO COOPERATIVO DELLA VALLE DEL TRIGNO - SOCIETA' COOPERATIVA
750,Row,Armfield,rarmfieldkt@foxnews.com,Female,V-Bank AG
751,Kip,Lowfill,klowfillku@liveinternet.ru,Male,BANK OF AMERICA
752,Corrine,Cruces,ccruceskv@chicagotribune.com,Female,COMERICA BANK
753,Aurthur,McGeechan,amcgeechankw@php.net,Male,VR Bank Weimar eG
754,Daryle,Calladine,dcalladinekx@chron.com,Polygender,EXIM BANCA ROMANEASCA S.A.
755,Laureen,Druhan,ldruhanky@opensource.org,Female,US BANK
756,Dulciana,Child,dchildkz@latimes.com,Female,COMMERCE BANK
757,Bartie,Bradberry,bbradberryl0@wisc.edu,Male,Raiffeisenbank Wr. Neustadt-Schneebergland eGen
758,Wash,Simanek,wsimanekl1@wikispaces.com,Male,BNP Paribas
759,Lamont,Benedetti,lbenedettil2@behance.net,Male,CCF SFH
760,Ira,Vlasenkov,ivlasenkovl3@huffingtonpost.com,Male,Raiffeisen Bank International AG
761,Nicky,Phidgin,nphidginl4@pagesperso-orange.fr,Female,Sparkasse Krefeld - Zweckverbandssparkasse der Stadt Krefeld und des Kreises Viersen -
762,Aubine,Wellan,awellanl5@columbia.edu,Female,Société Nationale de Crédit et d'Investissement
763,Trenton,Whisson,twhissonl6@marriott.com,Male,TBI Bank EAD
764,Vinny,Granger,vgrangerl7@discovery.com,Female,FIRST SECURITY BANK
765,Windy,Seydlitz,wseydlitzl8@craigslist.org,Female,MUFG UNION BANK
766,Marline,Tschierse,mtschiersel9@timesonline.co.uk,Female,FIRST FINANCIAL BANK
767,Codie,Gabbatiss,cgabbatissla@yandex.ru,Male,Athenry Credit Union Limited
768,Jsandye,Benyan,jbenyanlb@360.cn,Female,BANCO BPM SOCIETA' PER AZIONI
769,Jae,O'Curneen,jocurneenlc@tinyurl.com,Male,CENTRAL BANK
770,Nina,Dmiterko,ndmiterkold@ft.com,Female,FIRST NATIONAL BANK
771,Clemmy,Alesio,calesiole@miitbeian.gov.cn,Female,INDEPENDENT BANK
772,Rivy,Jacqueme,rjacquemelf@kickstarter.com,Female,"Banque et Caisse d´Epargne de l´Etat, Luxembourg"
773,Jarrett,Gabotti,jgabottilg@zdnet.com,Male,FIRST NATIONAL BANK
774,Rozamond,Starcks,rstarckslh@mapquest.com,Female,Raiffeisenbank Singoldtal eG
775,Rolland,Takis,rtakisli@senate.gov,Male,FIRST BANK & TRUST
776,Broderic,Largen,blargenlj@pinterest.com,Male,CITIZENS BANK
777,Verina,Ingrem,vingremlk@fc2.com,Female,VR-Bank Vilshofen-Pocking eG
778,Worden,Wooff,wwooffll@diigo.com,Male,Otto M. Schröder Bank Aktiengesellschaft
779,Pinchas,Crack,pcracklm@cnet.com,Male,WEBSTER BANK
780,Atlanta,McLennan,amclennanln@spotify.com,Female,VOLKSBANK DEISSLINGEN eG
781,Emlen,Fillary,efillarylo@narod.ru,Male,BANCO BPM SOCIETA' PER AZIONI
782,Julietta,Scotchbourouge,jscotchbourougelp@nydailynews.com,Genderfluid,CRÉDIT AGRICOLE ITALIA S.P.A.
783,Minetta,Wymer,mwymerlq@foxnews.com,Female,BPCE
784,Celestine,Sartain,csartainlr@techcrunch.com,Genderfluid,Vereinigte Volksbank Raiffeisenbank eG
785,Katleen,Sterndale,ksterndalels@wordpress.org,Female,FIRST NATIONAL BANK OF PENNSYLVANIA
786,Abdel,Chaudrelle,achaudrellelt@howstuffworks.com,Male,FARMERS & MERCHANTS BANK
787,Marcos,Blayney,mblayneylu@virginia.edu,Male,BYLINE BANK
788,Vasily,Minto,vmintolv@aol.com,Male,BANCA DI CREDITO COOPERATIVO VALLE DEL TORTO - SOCIETA' COOPERATIVA
789,Mordecai,Johannesson,mjohannessonlw@examiner.com,Male,WELLS FARGO BANK
790,Amata,Loades,aloadeslx@si.edu,Polygender,COMMERCE BANK
791,Jaquelin,Chillcot,jchillcotly@shutterfly.com,Female,FIRST NATIONAL BANK
792,Angelina,Lehrer,alehrerlz@imdb.com,Female,BMO HARRIS BANK
793,Trish,Kerr,tkerrm0@usda.gov,Polygender,BMO HARRIS BANK
794,Urbanus,Hefferan,uhefferanm1@cbsnews.com,Male,BANCO BPM SOCIETA' PER AZIONI
795,Laurena,Mordey,lmordeym2@who.int,Female,"'BANCA DI CREDITO POPOLARE', SOCIETA' COOPERATIVA PER AZIONI"
796,Trent,Gaveltone,tgaveltonem3@posterous.com,Male,FARMERS BANK
797,Anita,Redsell,aredsellm4@soundcloud.com,Female,BANK OF AMERICA
798,Ethan,Challinor,echallinorm5@tuttocitta.it,Male,Raiffeisenbank Region Schwanenstadt eGen
799,Ernest,Braniff,ebraniffm6@ycombinator.com,Male,CITIZENS BANK
800,Trixy,Vass,tvassm7@webeden.co.uk,Female,"Caixa de Crédito Agrícola Mútuo de Terras de Viriato, CRL"
801,Riobard,Illes,rillesm8@google.ru,Male,Raiffeisenlandesbank Oberösterreich Aktiengesellschaft
802,Lenard,Sigars,lsigarsm9@deliciousdays.com,Genderfluid,Raiffeisenbank im Oberpfälzer Jura eG
803,Elyn,Rennebeck,erennebeckma@jigsy.com,Female,GLACIER BANK
804,Otho,Sherwen,osherwenmb@technorati.com,Male,"Caja Rural San José de Almassora, S. Coop. de Crédito V."
805,Jerome,Ferbrache,jferbrachemc@wikimedia.org,Male,Caisse régionale de crédit agricole mutuel des Côtes-d'Armor
806,Jarrett,France,jfrancemd@irs.gov,Male,FARMERS BANK
807,Skip,Sailer,ssailerme@psu.edu,Male,VALLEY NATIONAL BANK
808,Davy,Pineaux,dpineauxmf@gov.uk,Male,DEUTSCHE BANK AKTIENGESELLSCHAFT
809,Launce,Sawley,lsawleymg@discovery.com,Male,FIRST BANK
810,Carley,Bollom,cbollommh@ca.gov,Female,FIRST NATIONAL BANK
811,Allison,Wreakes,awreakesmi@nba.com,Genderqueer,Sparkasse Nürnberg
812,Etti,Skirvane,eskirvanemj@uol.com.br,Female,CITIZENS BANK
813,Maisie,Entwistle,mentwistlemk@marriott.com,Female,BFF BANK SPA
814,Merrili,Matthis,mmatthisml@dell.com,Female,TRINITY BANK a.s.
815,Gaspar,Domenge,gdomengemm@wikimedia.org,Male,BANK OF AMERICA
816,Michel,Jeannaud,mjeannaudmn@state.gov,Male,BRANCH BANKING & TRUST COMPANY
817,Silvano,Gilberthorpe,sgilberthorpemo@gnu.org,Male,BANCA DEL PIEMONTE S.P.A.
818,Missy,Keaves,mkeavesmp@examiner.com,Female,PNC BANK
819,Shannan,Mohun,smohunmq@buzzfeed.com,Male,BANCO BPM SOCIETA' PER AZIONI
820,Clayborn,McAster,cmcastermr@prnewswire.com,Male,SECURITY BANK
821,Odella,Heineken,oheinekenms@smugmug.com,Female,PNC BANK
822,Stoddard,Staterfield,sstaterfieldmt@opera.com,Agender,DHB Bank N.V.
823,Hyacinth,Haken,hhakenmu@fda.gov,Female,Trade Republic Bank GmbH
824,Grethel,Knapton,gknaptonmv@prnewswire.com,Female,FIRST NATIONAL BANK
825,Michaela,Flohard,mflohardmw@mail.ru,Female,CITIZENS BANK
826,Zita,Antonias,zantoniasmx@baidu.com,Female,CHEMICAL BANK
827,Amii,Goldston,agoldstonmy@dropbox.com,Female,Oddo BHF SCA
828,Tansy,Oswal,toswalmz@army.mil,Female,BANCA NAZIONALE DEL LAVORO S.P.A. (IN FORMA CONTRATTA BNL S.P.A.)
829,Northrup,Jewster,njewstern0@amazon.de,Male,Raiffeisen-Volksbank Oder-Spree eG
830,Aloin,Budgey,abudgeyn1@apache.org,Male,FIRST TENNESSEE BANK
831,Berti,Croydon,bcroydonn2@latimes.com,Male,FIRST STATE BANK
832,Camila,Scoyles,cscoylesn3@friendfeed.com,Female,CITIZENS BANK
833,Hamid,Van der Son,hvandersonn4@miibeian.gov.cn,Male,BDM BANCA S.P.A.
834,Pattie,Ratray,pratrayn5@hao123.com,Female,Sparkasse Neumarkt i.d. OPf.-Parsberg
835,Beryl,Gainsbury,bgainsburyn6@google.com.br,Female,Clearstream Banking S.A.
836,Nicki,Kalisch,nkalischn7@time.com,Female,Raiffeisenbank Ortenburg - Kirchberg v.W. eG
837,Janeen,Scatcher,jscatchern8@jugem.jp,Female,FIRST COMMUNITY BANK
838,Robina,Kaiser,rkaisern9@slate.com,Female,Sparkasse Schwarzwald-Baar
839,Killie,Haysman,khaysmanna@123-reg.co.uk,Male,WELLS FARGO BANK
840,Raina,Lyptratt,rlyptrattnb@sciencedirect.com,Female,First South Credit Union Limited
841,Kendall,Seiler,kseilernc@privacy.gov.au,Male,Bank 1 Saar eG
842,Noe,Clougher,ncloughernd@engadget.com,Male,Raiffeisen Regionalbank Matrei i.O. eGen
843,Eli,Roistone,eroistonene@bbb.org,Male,CITIZENS STATE BANK
844,Carmela,O'Rodane,corodanenf@gmpg.org,Female,MUFG UNION BANK
845,Orin,Tippin,otippinng@wunderground.com,Male,UNITED BANK
846,Codi,Chamberlen,cchamberlennh@state.gov,Male,BANCA DI CREDITO COOPERATIVO DELLE MADONIE - SOCIETA' COOPERATIVA
847,Mariellen,Phippen,mphippenni@cbsnews.com,Female,Volksbank Elsen-Wewer-Borchen eG
848,Efren,Melia,emelianj@github.com,Male,Raiffeisenbank Kaiserstuhl eG
849,Lavena,Fend,lfendnk@163.com,Female,BMO HARRIS BANK
850,Innis,Parman,iparmannl@mlb.com,Male,FIRST SECURITY BANK
851,Carola,O'Scanlon,coscanlonnm@sohu.com,Female,BANCA NAZIONALE DEL LAVORO S.P.A. (IN FORMA CONTRATTA BNL S.P.A.)
852,Krissie,Daye,kdayenn@slashdot.org,Female,REGIONS BANK
853,Alain,Sainsberry,asainsberryno@last.fm,Agender,BANCA SELLA - S.P.A.
854,Marcela,Bletsor,mbletsornp@addthis.com,Female,GOLDMAN SACHS BANK USA
855,Sonnie,Plumley,splumleynq@deviantart.com,Female,HORIZON CREDIT UNION
856,Jeanette,Corkish,jcorkishnr@godaddy.com,Female,WELLS FARGO BANK
857,Ax,Faltskog,afaltskogns@soup.io,Male,Frankfurter Sparkasse
858,Teador,Ort,tortnt@adobe.com,Male,COMMUNITY BANK
859,Antonino,Orta,aortanu@domainmarket.com,Male,BERKSHIRE BANK
860,Carlie,Esposita,cespositanv@slideshare.net,Male,Raiffeisenbank Steingaden eG
861,Sly,Karpushkin,skarpushkinnw@instagram.com,Bigender,FIRSTBANK
862,Virginia,Hulstrom,vhulstromnx@fotki.com,Polygender,WELLS FARGO BANK
863,Chic,Gauson,cgausonny@flickr.com,Male,BANCA DI CREDITO COOPERATIVO DI PIANFEI E ROCCA DE' BALDI - SOCIETA' COOPERATIVA
864,Tessa,Grog,tgrognz@buzzfeed.com,Female,Raiffeisenbank Vorderbregenzerwald eGen
865,Serene,Sikorsky,ssikorskyo0@webnode.com,Non-binary,CIB Közép-Európai Nemzetközi Bank Zártkörûen Mûködõ Részvénytársaság
866,Rhodie,Westnedge,rwestnedgeo1@boston.com,Female,Sparkasse Heidelberg
867,Brand,Andrzej,bandrzejo2@sbwire.com,Male,BANCO BPM SOCIETA' PER AZIONI
868,Cynthy,Lound,cloundo3@pbs.org,Female,FIRST MERCHANTS BANK
869,Osbourne,Klamp,oklampo4@printfriendly.com,Male,PROSPERITY BANK
870,Tod,Gath,tgatho5@cam.ac.uk,Male,UNIFY FINANCIAL FEDERAL CREDIT UNION
871,Jada,Delwater,jdelwatero6@cornell.edu,Female,Bank of Valletta plc
872,Heidie,Lelliott,hlelliotto7@vkontakte.ru,Female,NEW YORK COMMUNITY BANK
873,Celie,Oakden,coakdeno8@bigcartel.com,Female,BANCORP SOUTH
874,Mac,Week,mweeko9@yahoo.com,Male,Sparkasse Bregenz Bank Aktiengesellschaft
875,Kaycee,Kamien,kkamienoa@toplist.cz,Female,State Bank of India
876,Ilyse,Lantoph,ilantophob@rambler.ru,Female,Sparkasse Schwäbisch Hall-Crailsheim
877,Evey,Croll,ecrolloc@biblegateway.com,Female,LIETUVOS CENTRINĖ KREDITO UNIJA
878,Cory,Kersley,ckersleyod@wisc.edu,Male,BMO HARRIS BANK
879,Forester,Reeman,freemanoe@topsy.com,Male,Bank Vontobel Europe AG
880,Powell,Message,pmessageof@telegraph.co.uk,Male,DELEN PRIVATE BANK
881,Gordy,Cram,gcramog@hud.gov,Male,BANCO BPM SOCIETA' PER AZIONI
882,Inge,Kitchenman,ikitchenmanoh@bloomberg.com,Female,FIRST FINANCIAL BANK
883,Jecho,Leppington,jleppingtonoi@zdnet.com,Male,COMMUNITY STATE BANK
884,Wilone,Haughey,whaugheyoj@wordpress.com,Female,Sparkasse Starkenburg
885,Sandi,Muress,smuressok@tinypic.com,Female,CAPITAL ONE
886,Nollie,Karlolczak,nkarlolczakol@bbb.org,Female,Steiermärkische Bank und Sparkassen Aktiengesellschaft
887,Bernardo,Huelin,bhuelinom@wix.com,Male,CITIZENS NATIONAL BANK
888,Moore,Wolton,mwoltonon@1688.com,Male,FIRST NATIONAL BANK
889,Lorilee,Sagrott,lsagrottoo@foxnews.com,Female,BMO HARRIS BANK
890,Olivie,Jeeves,ojeevesop@reverbnation.com,Female,FIRSTBANK
891,Osmund,Loines,oloinesoq@barnesandnoble.com,Male,Crédit Agricole S.A.
892,Nathanil,Garrattley,ngarrattleyor@comsenz.com,Male,PROSPERITY BANK
893,Richmound,Brightman,rbrightmanos@eventbrite.com,Male,CASSA RAIFFEISEN BASSA ATESINA (IN LINGUA TEDESCA RAIFFEISENKASSE UNTERLAND)
894,Agnella,Opdenort,aopdenortot@yolasite.com,Non-binary,BMO HARRIS BANK
895,Kearney,Cobbing,kcobbingou@tuttocitta.it,Male,CHEMICAL BANK
896,Theresina,Kluger,tklugerov@blogspot.com,Female,BPCE International et Outremer (BPCE IOM)
897,Nico,Clace,nclaceow@alexa.com,Male,Caisse régionale de crédit agricole mutuel Pyrénées-Gascogne
898,Kristopher,Burstow,kburstowox@xrea.com,Male,BANCO BPM SOCIETA' PER AZIONI
899,Frankie,Claremont,fclaremontoy@ask.com,Female,Kreissparkasse Euskirchen
900,Darnall,Kilpin,dkilpinoz@instagram.com,Male,PNC BANK
901,Shandeigh,Rosenblad,srosenbladp0@eventbrite.com,Female,UNITED BANK
902,Noellyn,Brisset,nbrissetp1@aboutads.info,Female,Sparkasse Pottenstein N.Ö.
903,Kristan,Daish,kdaishp2@google.fr,Female,MagNet Magyar Közösségi Bank Zártkörűen Működő Részvénytársaság
904,Natassia,Gandar,ngandarp3@indiatimes.com,Genderfluid,Raiffeisenbank eG
905,Lea,Baumer,lbaumerp4@noaa.gov,Female,Vereinigte Volksbank eG
906,Gun,Lockyer,glockyerp5@4shared.com,Male,PENTAGON FEDERAL CREDIT UNION
907,Maynord,Tabourin,mtabourinp6@pagesperso-orange.fr,Male,Généfim
908,Mei,Ellerey,mellereyp7@moonfruit.com,Female,WELLS FARGO BANK
909,Dilan,Kull,dkullp8@edublogs.org,Male,BANK OF COMMUNICATIONS (LUXEMBOURG) S.A.
910,Kyla,Weber,kweberp9@yellowpages.com,Female,WELLS FARGO BANK
911,Meridel,Heifer,mheiferpa@slate.com,Female,BPCE
912,Margareta,Pearle,mpearlepb@wisc.edu,Female,COMMUNITY NATIONAL BANK
913,Justinn,Aloigi,jaloigipc@archive.org,Female,Axa banque
914,Rochelle,Ower,rowerpd@bbc.co.uk,Genderqueer,Bankhaus Ludwig Sperrer KG
915,Mill,Showl,mshowlpe@ox.ac.uk,Male,Carrickmacross Credit Union Limited
916,Timmy,Knevet,tknevetpf@craigslist.org,Female,Western Union International Bank GmbH
917,Kimberli,Dorey,kdoreypg@51.la,Female,mediserv Bank GmbH
918,Gerda,Somerset,gsomersetph@live.com,Female,Volksbank im Münsterland eG
919,Pandora,Hainey`,phaineypi@craigslist.org,Female,BRD - Groupe Societe Generale S.A.
920,Una,O' Meara,uomearapj@cbsnews.com,Female,COMMERCIAL BANK
921,Darlene,Limmer,dlimmerpk@reverbnation.com,Female,FIFTH THIRD BANK
922,Alexine,Holmyard,aholmyardpl@amazon.com,Female,Volksbank Bochum Witten eG
923,Koren,Oakeby,koakebypm@scribd.com,Female,BMO HARRIS BANK
924,Jimmy,Vallentin,jvallentinpn@canalblog.com,Male,Raiffeisenbank Baisweil-Eggenthal-Friesenried eG
925,Alysa,Erridge,aerridgepo@archive.org,Female,FIRST FIDELITY BANK
926,Shannon,Lisimore,slisimorepp@alexa.com,Male,FIFTH THIRD BANK
927,Sissy,St Clair,sstclairpq@a8.net,Female,BANK OF NORTH CAROLINA
928,Sibylle,Honatsch,shonatschpr@oaic.gov.au,Female,FIRST COMMUNITY BANK
929,Yvon,Kendred,ykendredps@bing.com,Male,ING Bank N.V.
930,Ase,Glendining,aglendiningpt@live.com,Male,INDEPENDENT BANK
931,Louis,Korous,lkorouspu@ifeng.com,Male,SIMMONS FIRST NATIONAL BANK
932,Matthieu,Cozens,mcozenspv@theatlantic.com,Non-binary,FIRST STATE BANK
933,Danny,Tull,dtullpw@nasa.gov,Female,COMMUNITY NATIONAL BANK
934,Darrick,Blackster,dblacksterpx@quantcast.com,Male,Raiffeisenbank St.Gilgen-Fuschl-Strobl eGen
935,Wendie,Beaver,wbeaverpy@cisco.com,Female,BANCORP SOUTH
936,Ware,Culross,wculrosspz@fema.gov,Male,BANCO BPM SOCIETA' PER AZIONI
937,Shoshanna,Pickthall,spickthallq0@altervista.org,Female,FIRST NATIONAL BANK
938,Ginnie,Vuitton,gvuittonq1@goo.ne.jp,Female,DSK Bank AD
939,Maegan,Kirrage,mkirrageq2@nydailynews.com,Female,HERITAGE BANK
940,Ericka,Fullard,efullardq3@plala.or.jp,Female,COMMERCE BANK
941,Greggory,Tessier,gtessierq4@surveymonkey.com,Male,"Caixabank, S.A."
942,Luisa,Rickarsey,lrickarseyq5@xinhuanet.com,Female,BANCO BPM SOCIETA' PER AZIONI
943,Dacia,Pescod,dpescodq6@trellian.com,Female,Public Service Credit Union Limited
944,Rosamund,Averill,raverillq7@kickstarter.com,Female,UNITED COMMUNITY BANK
945,Cam,Halms,chalmsq8@intel.com,Male,EAST WEST BANK
946,Bart,Lowseley,blowseleyq9@webnode.com,Male,US BANK
947,Bibi,Sherred,bsherredqa@discovery.com,Female,State Bank of India
948,Dorthea,Perdue,dperdueqb@posterous.com,Female,VerbundVolksbank OWL eG
949,Kipp,Feldfisher,kfeldfisherqc@domainmarket.com,Female,BANCA NAZIONALE DEL LAVORO S.P.A. (IN FORMA CONTRATTA BNL S.P.A.)
950,Karel,Corker,kcorkerqd@hatena.ne.jp,Female,Raiffeisenbank Mecklenburger Seenplatte eG
951,Norbie,Satterlee,nsatterleeqe@deliciousdays.com,Male,Blackpool Credit Union Limited
952,Shaylynn,Hullins,shullinsqf@twitter.com,Female,FIRST MIDWEST BANK
953,Easter,Mumbey,emumbeyqg@lycos.com,Female,DEUTSCHE BANK AKTIENGESELLSCHAFT
954,Ive,Le Teve,ileteveqh@arizona.edu,Male,"Compagnie générale de location d'équipements ""C.G.L."""
955,Benedicto,Deards,bdeardsqi@google.ca,Male,Joniškio kredito unija
956,Briny,Silvers,bsilversqj@theguardian.com,Female,BANCA NAZIONALE DEL LAVORO S.P.A. (IN FORMA CONTRATTA BNL S.P.A.)
957,Ezekiel,Baudasso,ebaudassoqk@spiegel.de,Male,INDEPENDENT BANK
958,Cornelius,Applewhaite,capplewhaiteql@tripadvisor.com,Male,Sparkasse Rastatt-Gernsbach
959,Jewell,Gibbetts,jgibbettsqm@symantec.com,Female,BANCA NAZIONALE DEL LAVORO S.P.A. (IN FORMA CONTRATTA BNL S.P.A.)
960,Rodrique,Crace,rcraceqn@nba.com,Male,BANK OF AMERICA
961,Ax,Demare,ademareqo@google.es,Male,COMMUNITY BANK
962,Althea,Plewman,aplewmanqp@walmart.com,Female,M B FINANCIAL BANK
963,Finley,Danielian,fdanielianqq@google.co.uk,Male,FIRST NATIONAL BANK
964,Arel,Giacovetti,agiacovettiqr@nymag.com,Male,BANCO BPM SOCIETA' PER AZIONI
965,Gipsy,Hazel,ghazelqs@bloomberg.com,Female,"BNI - BANCO DE NEGÓCIOS INTERNACIONAL (EUROPA), S.A."
966,Boone,Fenlon,bfenlonqt@senate.gov,Male,HSBC BANK
967,Isidor,Dibling,idiblingqu@google.es,Male,Raiffeisenkasse Retz-Pulkautal eGen
968,Thoma,Clemens,tclemensqv@mapquest.com,Male,Raiffeisenbank Attersee-Nord eGen
969,Kendricks,Piddocke,kpiddockeqw@creativecommons.org,Male,CENTRAL BANK
970,Pam,Jentet,pjentetqx@answers.com,Female,Powszechna Kasa Oszczędności Bank Polski S.A.
971,Bartholomew,Beurich,bbeurichqy@dailymail.co.uk,Male,FIRST NATIONAL BANK
972,Gideon,Pochet,gpochetqz@umich.edu,Male,European Investment Bank [EIB]
973,Adolphe,Bastock,abastockr0@telegraph.co.uk,Non-binary,Crédit Agricole S.A.
974,Gloriana,Holbarrow,gholbarrowr1@vimeo.com,Female,FIFTH THIRD BANK
975,Cordey,Tebald,ctebaldr2@networksolutions.com,Female,FIRST STATE BANK
976,Ursuline,Parlatt,uparlattr3@yelp.com,Female,PEOPLES BANK
977,Codi,Stolle,cstoller4@archive.org,Male,Glanmire and District Credit Union Limited
978,Alfred,Witchard,awitchardr5@histats.com,Male,SELF-HELP CREDIT UNION
979,Stormi,Symmers,ssymmersr6@census.gov,Genderqueer,Caisse de crédit municipal de Nice
980,Eugine,Kilbee,ekilbeer7@nationalgeographic.com,Female,BANCA PER IL TRENTINO ALTO ADIGE - BANK FÜR TRENTINO-SÜDTIROL - CREDITO COOPERATIVO ITALIANO SOCIETA' COOPERATIVA
981,Frasier,Sage,fsager8@java.com,Male,FIRSTBANK
982,Ferd,Blackaller,fblackallerr9@cdc.gov,Male,RENASANT BANK
983,Elroy,Crocket,ecrocketra@yandex.ru,Genderqueer,BANCA DI PESCIA E CASCINA - CREDITO COOPERATIVO - SOCIETA' COOPERATIVA
984,Kary,Greenier,kgreenierrb@bizjournals.com,Female,Raiffeisenbank Singoldtal eG
985,Greg,Crean,gcreanrc@ehow.com,Male,Rathmore and District Credit Union Limited
986,Kathryne,Berks,kberksrd@sourceforge.net,Female,"PIONEER BANK, SSB"
987,Brendin,Avey,baveyre@oakley.com,Male,Powszechna Kasa Oszczędności Bank Polski S.A.
988,Morgan,Rentilll,mrentilllrf@topsy.com,Male,Freikirchen.Bank eG
989,Josh,Trayte,jtrayterg@live.com,Male,CENTRAL BANK
990,Joleen,McGivena,jmcgivenarh@bbb.org,Female,WELLS FARGO BANK
991,Donalt,Malletratt,dmalletrattri@sohu.com,Male,Banque Raiffeisen
992,Odelinda,MacIlraith,omacilraithrj@bandcamp.com,Female,BANK OF AMERICA
993,Kerrie,Oakman,koakmanrk@jigsy.com,Female,FIRST BANK & TRUST
994,Sayer,Witard,switardrl@china.com.cn,Male,FIRSTBANK
995,Danell,Kruszelnicki,dkruszelnickirm@live.com,Female,BANCA VALSABBINA SOCIETA' COOPERATIVA PER AZIONI (IN BREVE LA VALSABBINA)
996,Berry,Limprecht,blimprechtrn@goo.gl,Female,Kreissparkasse Saarpfalz
997,Jackson,Lorain,jlorainro@nyu.edu,Male,FARMERS STATE BANK
998,Esmaria,Tonner,etonnerrp@huffingtonpost.com,Female,Banking Circle S.A.
999,Brinn,Kittless,bkittlessrq@jiathis.com,Polygender,CHIANTIBANCA - CREDITO COOPERATIVO S.C.
1000,Nissie,Rustich,nrustichrr@phoca.cz,Female,"PIONEER BANK, SSB"
